City_ID,City,Lat,Lng,Max Temp,Humidity,Cloudiness,Wind Speed,Country,Date,Description
0,Cherskiy,68.75,161.3,37.24,94,100,22.57,RU,2020-08-22 20:56:17,light rain
1,Jamestown,42.1,-79.24,82.99,51,75,4.7,US,2020-08-22 20:56:00,broken clouds
2,Cururupu,-1.83,-44.87,78.44,83,9,3.62,BR,2020-08-22 20:56:17,clear sky
3,Ahipara,-35.17,173.17,58.32,87,25,8.3,NZ,2020-08-22 20:56:17,scattered clouds
4,Ushuaia,-54.8,-68.3,44.6,77,40,16.11,AR,2020-08-22 20:55:16,shower rain
5,Yellowknife,62.46,-114.35,59.0,67,75,13.87,CA,2020-08-22 20:56:18,broken clouds
6,San Patricio,19.22,-104.7,89.6,75,75,11.41,MX,2020-08-22 20:56:18,broken clouds
7,Qaanaaq,77.48,-69.36,38.28,82,100,2.66,GL,2020-08-22 20:56:18,overcast clouds
8,Fortuna,40.6,-124.16,66.0,82,40,14.99,US,2020-08-22 20:56:18,scattered clouds
9,Mpongwe,-13.51,28.16,61.57,66,1,10.29,ZM,2020-08-22 20:56:18,clear sky
10,Mezen,65.85,44.24,56.05,91,0,2.68,RU,2020-08-22 20:56:19,clear sky
11,Mount Gambier,-37.83,140.77,42.8,93,40,8.05,AU,2020-08-22 20:46:43,scattered clouds
12,Pacific Grove,36.62,-121.92,84.99,64,75,5.82,US,2020-08-22 20:45:27,haze
13,Butaritari,3.07,172.79,82.9,63,100,6.58,KI,2020-08-22 20:56:19,overcast clouds
14,Albany,42.6,-73.97,84.0,46,0,8.16,US,2020-08-22 20:55:34,clear sky
15,Lebu,-37.62,-73.65,52.03,78,0,10.96,CL,2020-08-22 20:56:20,clear sky
16,Rudbar,30.15,62.6,84.52,14,0,8.61,AF,2020-08-22 20:56:20,clear sky
17,Rikitea,-23.12,-134.97,66.92,72,79,18.19,PF,2020-08-22 20:56:20,broken clouds
18,Saint-Philippe,-21.36,55.77,69.8,63,34,5.82,RE,2020-08-22 20:56:20,scattered clouds
19,Busselton,-33.65,115.33,50.0,86,50,10.69,AU,2020-08-22 20:56:21,scattered clouds
20,Norman Wells,65.28,-126.83,66.2,59,75,12.75,CA,2020-08-22 20:46:43,broken clouds
21,Kalangala,-0.31,32.23,69.8,88,20,4.7,UG,2020-08-22 20:56:21,few clouds
22,West Wendover,40.74,-114.07,93.2,9,1,9.17,US,2020-08-22 20:46:32,clear sky
23,Atuona,-9.8,-139.03,78.21,78,41,18.25,PF,2020-08-22 20:56:22,light rain
24,Timra,62.49,17.33,66.99,72,49,8.05,SE,2020-08-22 20:56:22,scattered clouds
25,Sitka,57.05,-135.33,60.8,77,75,3.36,US,2020-08-22 20:56:22,broken clouds
26,Dingle,11.0,122.67,76.86,88,100,1.88,PH,2020-08-22 20:56:22,overcast clouds
27,Jiquipilas,16.67,-93.65,86.0,58,75,2.24,MX,2020-08-22 20:56:23,broken clouds
28,Waldshut-Tiengen,47.62,8.22,64.99,91,42,2.57,DE,2020-08-22 20:56:23,scattered clouds
29,Arraial Do Cabo,-22.97,-42.03,68.0,64,75,9.17,BR,2020-08-22 20:46:28,broken clouds
30,Launceston,-41.45,147.17,37.4,93,75,5.82,AU,2020-08-22 20:46:32,light intensity drizzle
31,Tasiilaq,65.61,-37.64,48.2,61,20,10.29,GL,2020-08-22 20:56:24,few clouds
32,Phalaborwa,-23.94,31.14,59.0,67,0,1.12,ZA,2020-08-22 20:56:24,clear sky
33,Songjianghe,42.19,127.48,62.46,90,99,2.93,CN,2020-08-22 20:56:24,overcast clouds
34,Manta,-0.95,-80.73,73.4,83,90,8.05,EC,2020-08-22 20:56:24,overcast clouds
35,Ixtapa,20.7,-105.2,90.0,74,75,9.17,MX,2020-08-22 20:56:24,broken clouds
36,Port Lincoln,-34.73,135.87,48.87,70,75,11.52,AU,2020-08-22 20:56:25,broken clouds
37,Punta Arenas,-53.15,-70.92,42.8,69,40,32.21,CL,2020-08-22 20:55:17,scattered clouds
38,Hobart,-42.88,147.33,44.6,81,20,9.17,AU,2020-08-22 20:56:25,few clouds
39,Kruisfontein,-34.0,24.73,52.12,91,0,6.4,ZA,2020-08-22 20:56:25,clear sky
40,Hermanus,-34.42,19.23,57.99,85,21,1.99,ZA,2020-08-22 20:56:26,few clouds
41,Constantine,36.37,6.61,80.6,44,20,2.24,DZ,2020-08-22 20:56:26,few clouds
42,Kununurra,-15.77,128.73,66.2,25,6,2.24,AU,2020-08-22 20:53:14,clear sky
43,Puerto Ayora,-0.74,-90.35,75.2,60,84,23.04,EC,2020-08-22 20:56:26,broken clouds
44,Bluff,-46.6,168.33,43.0,98,100,1.01,NZ,2020-08-22 20:52:25,overcast clouds
45,Sechura,-5.56,-80.82,74.3,52,8,16.08,PE,2020-08-22 20:56:27,clear sky
46,Alberton,46.82,-64.07,68.0,53,0,6.58,CA,2020-08-22 20:56:27,clear sky
47,Kapaa,22.08,-159.32,84.2,66,20,14.99,US,2020-08-22 20:52:34,few clouds
48,Khani,41.96,42.96,66.2,93,90,4.7,GE,2020-08-22 20:56:27,overcast clouds
49,Santa Vitoria Do Palmar,-33.52,-53.37,50.81,61,0,5.1,BR,2020-08-22 20:52:04,clear sky
50,Chester,40.13,-75.87,84.99,69,1,6.93,US,2020-08-22 20:56:28,clear sky
51,Nome,64.5,-165.41,54.0,93,90,11.41,US,2020-08-22 20:53:04,light rain
52,New Norfolk,-42.78,147.06,44.01,89,98,3.0,AU,2020-08-22 20:56:28,light rain
53,Chokurdakh,70.63,147.92,34.5,95,98,6.69,RU,2020-08-22 20:53:02,overcast clouds
54,Saskylakh,71.92,114.08,36.73,81,7,4.54,RU,2020-08-22 20:52:32,clear sky
55,Saldanha,-33.01,17.94,51.8,87,0,5.82,ZA,2020-08-22 20:56:29,clear sky
56,General Roca,-39.03,-67.58,71.6,26,0,2.24,AR,2020-08-22 20:46:47,clear sky
57,Sandviken,60.62,16.77,64.0,69,27,8.99,SE,2020-08-22 20:56:29,scattered clouds
58,Inhambane,-23.86,35.38,63.23,78,1,4.05,MZ,2020-08-22 20:56:29,clear sky
59,Puerto Del Rosario,28.5,-13.86,78.8,69,0,14.99,ES,2020-08-22 20:56:30,clear sky
60,Castro,-24.79,-50.01,48.2,84,20,6.2,BR,2020-08-22 20:56:30,few clouds
61,East London,-33.02,27.91,66.22,36,0,4.29,ZA,2020-08-22 20:56:30,clear sky
62,Saurimo,-9.66,20.39,71.82,37,37,2.62,AO,2020-08-22 20:54:05,scattered clouds
63,Ancud,-41.87,-73.82,54.0,81,20,18.34,CL,2020-08-22 20:47:00,few clouds
64,Arroyo,41.61,-4.8,71.01,42,22,8.05,ES,2020-08-22 20:56:31,few clouds
65,Namatanai,-3.67,152.43,79.09,80,74,3.85,PG,2020-08-22 20:46:42,moderate rain
66,Stromness,58.97,-3.3,55.4,93,92,14.99,GB,2020-08-22 20:56:31,overcast clouds
67,Avarua,-21.21,-159.78,77.0,69,14,13.87,CK,2020-08-22 20:56:32,few clouds
68,Asau,46.43,26.4,63.0,87,0,2.59,RO,2020-08-22 20:47:08,clear sky
69,Port Alfred,-33.59,26.89,60.46,65,0,9.19,ZA,2020-08-22 20:54:04,clear sky
70,Izhevskoye,54.56,40.87,53.92,83,3,2.77,RU,2020-08-22 20:56:33,clear sky
71,Verkhnyaya Inta,65.98,60.31,42.85,94,12,3.85,RU,2020-08-22 20:56:33,few clouds
72,Shimoda,34.67,138.95,71.01,91,100,1.01,JP,2020-08-22 20:54:03,light rain
73,Tuatapere,-46.13,167.68,43.0,98,100,1.01,NZ,2020-08-22 20:56:33,overcast clouds
74,Bihoro,43.82,144.1,60.04,88,1,5.75,JP,2020-08-22 20:56:33,clear sky
75,Kidal,18.44,1.41,95.58,30,0,14.72,ML,2020-08-22 20:56:34,clear sky
76,Guerrero Negro,27.98,-114.06,89.26,41,0,15.73,MX,2020-08-22 20:56:34,clear sky
77,Yilan,24.76,121.75,80.6,88,75,12.75,TW,2020-08-22 20:56:34,light intensity shower rain
78,Santa Fe Do Sul,-20.21,-50.93,70.5,32,6,7.11,BR,2020-08-22 20:55:56,clear sky
79,Bar Harbor,44.39,-68.2,75.2,53,75,9.17,US,2020-08-22 20:56:34,broken clouds
80,Zhigansk,66.77,123.37,38.59,82,62,15.19,RU,2020-08-22 20:56:35,broken clouds
81,Mahebourg,-20.41,57.7,69.8,88,75,12.75,MU,2020-08-22 20:53:06,broken clouds
82,Constitucion,-35.33,-72.42,56.19,84,2,13.11,CL,2020-08-22 20:56:35,clear sky
83,Challans,46.84,-1.87,66.99,82,100,11.03,FR,2020-08-22 20:56:35,overcast clouds
84,Waspan,14.74,-83.97,91.4,66,40,3.6,NI,2020-08-22 20:56:36,scattered clouds
85,Aqtobe,50.28,57.21,57.2,67,56,4.47,KZ,2020-08-22 20:56:36,broken clouds
86,Muscat,23.61,58.59,86.0,79,96,2.24,OM,2020-08-22 20:56:36,overcast clouds
87,Port Macquarie,-31.43,152.92,52.0,50,0,13.29,AU,2020-08-22 20:56:36,clear sky
88,Vanimo,-2.67,141.3,77.99,84,28,3.87,PG,2020-08-22 20:56:36,light rain
89,Vila Velha,-20.33,-40.29,64.4,93,90,13.87,BR,2020-08-22 20:56:37,light rain
90,Sheridan,44.83,-106.92,98.01,12,1,4.7,US,2020-08-22 20:56:02,haze
91,Punta De Bombon,-17.17,-71.79,60.69,78,67,5.59,PE,2020-08-22 20:56:37,broken clouds
92,Bambous Virieux,-20.34,57.76,69.8,88,75,12.75,MU,2020-08-22 20:56:37,broken clouds
93,Gizo,-8.1,156.84,82.51,81,67,18.21,SB,2020-08-22 20:56:38,light rain
94,Yuci,37.68,112.73,68.0,82,78,2.24,CN,2020-08-22 20:56:38,mist
95,Souillac,-20.52,57.52,69.8,88,75,12.75,MU,2020-08-22 20:52:43,broken clouds
96,Klaksvik,62.23,-6.59,46.4,81,100,14.99,FO,2020-08-22 20:56:38,light rain
97,Chulym,55.1,80.96,52.54,91,100,7.54,RU,2020-08-22 20:56:39,overcast clouds
98,Mar Del Plata,-38.0,-57.56,60.8,31,0,12.75,AR,2020-08-22 20:56:39,clear sky
99,Derzhavinsk,51.1,66.32,55.89,86,60,5.79,KZ,2020-08-22 20:56:39,broken clouds
100,Aklavik,68.22,-135.01,51.8,93,90,4.7,CA,2020-08-22 20:46:54,overcast clouds
101,Opuwo,-18.06,13.84,58.3,35,0,4.41,NA,2020-08-22 20:56:39,clear sky
102,Faanui,-16.48,-151.75,77.2,78,6,22.91,PF,2020-08-22 20:56:40,clear sky
103,The Valley,18.22,-63.06,86.0,74,20,17.22,AI,2020-08-22 20:56:08,few clouds
104,Kudahuvadhoo,2.67,72.89,84.0,69,53,7.61,MV,2020-08-22 20:46:55,broken clouds
105,Hami,42.8,93.45,75.36,27,0,1.97,CN,2020-08-22 20:53:17,clear sky
106,Severo-Kurilsk,50.68,156.12,51.3,85,44,12.15,RU,2020-08-22 20:56:41,scattered clouds
107,Nanortalik,60.14,-45.24,47.62,70,8,2.46,GL,2020-08-22 20:56:41,clear sky
108,Cap-Aux-Meules,47.38,-61.86,68.0,60,20,12.75,CA,2020-08-22 20:54:31,few clouds
109,Necochea,-38.55,-58.74,59.0,42,0,11.01,AR,2020-08-22 20:54:50,clear sky
110,Alice Springs,-23.7,133.88,42.8,52,0,4.7,AU,2020-08-22 20:55:08,clear sky
111,Hilo,19.73,-155.09,84.2,66,75,4.7,US,2020-08-22 20:56:21,broken clouds
112,Plyussa,58.43,29.37,65.35,65,100,9.73,RU,2020-08-22 20:56:42,overcast clouds
113,Amahai,-3.33,128.92,76.06,85,59,4.41,ID,2020-08-22 20:56:43,light rain
114,La Ronge,55.1,-105.28,60.8,82,90,17.22,CA,2020-08-22 20:53:14,overcast clouds
115,Erenhot,43.65,111.98,65.86,70,99,2.04,CN,2020-08-22 20:56:43,overcast clouds
116,College,64.86,-147.8,72.0,49,40,10.29,US,2020-08-22 20:53:49,scattered clouds
117,Mataura,-46.19,168.86,43.0,98,98,1.01,NZ,2020-08-22 20:56:44,overcast clouds
118,Susanville,40.42,-120.65,89.01,20,1,4.7,US,2020-08-22 20:56:44,haze
119,Sept-Iles,50.2,-66.38,63.0,59,40,9.17,CA,2020-08-22 20:52:08,scattered clouds
120,Tigil,57.8,158.67,48.87,74,91,2.15,RU,2020-08-22 20:56:44,overcast clouds
121,Chuy,-33.7,-53.46,50.41,64,0,5.5,UY,2020-08-22 20:56:44,clear sky
122,Ekibastuz,51.67,75.37,58.42,68,41,12.28,KZ,2020-08-22 20:56:45,scattered clouds
123,Upernavik,72.79,-56.15,44.19,71,85,11.34,GL,2020-08-22 20:56:45,overcast clouds
124,Cape Town,-33.93,18.42,54.0,93,2,4.7,ZA,2020-08-22 20:52:25,clear sky
125,Noshiro,40.2,140.02,70.0,92,100,3.13,JP,2020-08-22 20:56:45,overcast clouds
126,Longyearbyen,78.22,15.64,42.8,67,40,5.82,SJ,2020-08-22 20:56:46,scattered clouds
127,Kodiak,57.79,-152.41,69.8,56,1,11.41,US,2020-08-22 20:53:33,clear sky
128,Reconquista,-29.15,-59.65,60.51,42,0,6.73,AR,2020-08-22 20:56:46,clear sky
129,Ponta Do Sol,32.67,-17.1,75.2,69,40,16.11,PT,2020-08-22 20:56:46,scattered clouds
130,Luderitz,-26.65,15.16,66.42,25,0,6.67,NA,2020-08-22 20:56:47,clear sky
131,Ribeira Grande,38.52,-28.7,73.4,83,75,4.7,PT,2020-08-22 20:56:47,broken clouds
132,Kuna,43.49,-116.42,84.99,37,1,6.93,US,2020-08-22 20:56:40,clear sky
133,Bogovarovo,58.98,47.02,54.18,89,0,4.41,RU,2020-08-22 20:56:47,clear sky
134,Bredasdorp,-34.53,20.04,57.2,82,7,11.41,ZA,2020-08-22 20:56:47,clear sky
135,Misratah,32.38,15.09,80.1,69,0,8.93,LY,2020-08-22 20:56:48,clear sky
136,Storslett,69.77,21.02,58.98,85,100,3.58,NO,2020-08-22 20:56:48,light rain
137,Gouyave,12.16,-61.73,87.8,74,20,14.99,GD,2020-08-22 20:56:48,few clouds
138,Airai,-8.93,125.41,57.83,46,76,3.71,TL,2020-08-22 20:56:48,broken clouds
139,Shieli,44.17,66.75,72.12,38,14,9.19,KZ,2020-08-22 20:56:49,few clouds
140,Kahului,20.89,-156.47,84.2,62,40,17.22,US,2020-08-22 20:56:49,scattered clouds
141,Pangody,65.85,74.49,54.25,86,100,13.27,RU,2020-08-22 20:56:49,overcast clouds
142,Dikson,73.51,80.55,47.88,76,94,8.23,RU,2020-08-22 20:52:23,overcast clouds
143,Kholm,59.27,32.85,59.9,75,99,8.16,RU,2020-08-22 20:56:50,overcast clouds
144,Ariquemes,-9.91,-63.04,85.69,29,0,4.83,BR,2020-08-22 20:56:50,clear sky
145,Kaitangata,-46.28,169.85,51.01,76,61,5.01,NZ,2020-08-22 20:56:50,broken clouds
146,Xam Nua,20.42,104.04,65.66,95,100,1.66,LA,2020-08-22 20:56:50,overcast clouds
147,Narsaq,60.92,-46.05,53.6,62,20,8.05,GL,2020-08-22 20:56:51,few clouds
148,Barrow,71.29,-156.79,42.8,87,90,23.04,US,2020-08-22 20:56:51,overcast clouds
149,Boda,4.32,17.47,69.51,95,100,2.98,CF,2020-08-22 20:56:51,overcast clouds
150,Praia Da Vitoria,38.73,-27.07,75.2,73,20,4.23,PT,2020-08-22 20:56:51,few clouds
151,Hithadhoo,-0.6,73.08,82.72,81,12,14.76,MV,2020-08-22 20:56:52,few clouds
152,Christchurch,-43.53,172.63,52.0,100,100,8.05,NZ,2020-08-22 20:53:31,light rain
153,Hailar,49.2,119.7,59.97,93,100,6.08,CN,2020-08-22 20:56:52,overcast clouds
154,Nizhniy Kuranakh,58.84,125.49,44.42,84,37,1.41,RU,2020-08-22 20:56:52,scattered clouds
155,Torbay,47.67,-52.73,70.0,49,20,9.17,CA,2020-08-22 20:56:52,few clouds
156,Seymchan,62.88,152.43,40.32,70,100,13.09,RU,2020-08-22 20:56:53,overcast clouds
157,Georgetown,5.41,100.34,80.6,94,40,2.24,MY,2020-08-22 20:52:43,scattered clouds
158,Talnakh,69.49,88.4,57.2,62,41,11.18,RU,2020-08-22 20:56:53,scattered clouds
159,Strezhevoy,60.73,77.59,44.6,93,90,2.24,RU,2020-08-22 20:56:54,fog
160,Lethem,3.38,-59.8,81.41,65,94,2.64,GY,2020-08-22 20:53:45,overcast clouds
161,Hanzhong,33.07,107.03,69.33,89,67,2.44,CN,2020-08-22 20:56:54,broken clouds
162,Umm Lajj,25.02,37.27,83.46,67,0,5.73,SA,2020-08-22 20:56:54,clear sky
163,Berbera,10.44,45.01,91.58,44,3,18.84,SO,2020-08-22 20:53:59,clear sky
164,Bethel,41.37,-73.41,89.01,35,1,11.41,US,2020-08-22 20:56:55,clear sky
165,Scarborough,54.28,-0.4,57.99,92,100,1.99,GB,2020-08-22 20:56:28,light rain
166,Linkou,45.3,130.28,55.47,82,100,3.06,CN,2020-08-22 20:56:55,overcast clouds
167,Kendari,-3.94,122.5,70.3,94,100,2.33,ID,2020-08-22 20:56:56,overcast clouds
168,Waipawa,-41.41,175.52,50.0,87,100,3.36,NZ,2020-08-22 20:56:56,overcast clouds
169,Valparaiso,-33.04,-71.63,52.0,100,90,13.87,CL,2020-08-22 20:56:00,light intensity drizzle
170,Hede,33.77,120.25,73.27,93,0,1.66,CN,2020-08-22 20:56:56,clear sky
171,Prince Rupert,54.32,-130.32,59.0,82,75,13.87,CA,2020-08-22 20:56:57,broken clouds
172,Vila Franca Do Campo,37.72,-25.43,73.4,88,20,4.7,PT,2020-08-22 20:56:57,few clouds
173,Carnarvon,-24.87,113.63,64.4,82,100,11.41,AU,2020-08-22 20:56:57,overcast clouds
174,Majene,-3.54,118.97,75.99,82,33,8.75,ID,2020-08-22 20:56:57,scattered clouds
175,Santiago,-33.46,-70.65,71.6,30,0,6.93,CL,2020-08-22 20:53:21,clear sky
176,High Level,58.52,-117.14,57.2,93,90,12.75,CA,2020-08-22 20:56:58,overcast clouds
177,Centralia,46.72,-122.95,71.6,60,20,5.82,US,2020-08-22 20:56:58,few clouds
178,San Pedro,14.35,121.02,80.6,88,100,4.7,PH,2020-08-22 20:56:58,overcast clouds
179,Dawson Creek,55.77,-120.24,59.0,58,20,24.16,CA,2020-08-22 20:56:58,few clouds
180,Mount Isa,-20.73,139.5,55.4,49,6,10.29,AU,2020-08-22 20:56:58,clear sky
181,Nishihara,26.18,127.76,78.8,94,75,5.82,JP,2020-08-22 20:56:59,shower rain
182,Banda Aceh,5.56,95.32,78.57,79,94,6.51,ID,2020-08-22 20:55:03,overcast clouds
183,Bengkulu,-3.8,102.27,75.38,88,53,4.38,ID,2020-08-22 20:56:59,broken clouds
184,Hasaki,35.73,140.83,77.0,94,75,8.05,JP,2020-08-22 20:52:36,mist
185,Thompson,55.74,-97.86,50.0,76,75,10.29,CA,2020-08-22 20:52:41,broken clouds
186,Pangai,-19.8,-174.35,77.99,86,15,13.58,TO,2020-08-22 20:57:00,few clouds
187,Brae,60.4,-1.35,53.6,100,99,6.93,GB,2020-08-22 20:56:01,overcast clouds
188,Frontera,26.93,-101.45,98.6,17,75,9.17,MX,2020-08-22 20:57:00,broken clouds
189,Sultanpur,26.27,82.07,79.56,84,26,5.26,IN,2020-08-22 20:57:00,scattered clouds
190,Malakal,9.53,31.66,74.46,84,7,3.11,SS,2020-08-22 20:57:01,clear sky
191,Umm Kaddadah,13.6,26.69,86.59,52,17,15.86,SD,2020-08-22 20:53:44,light rain
192,Portland,45.52,-122.68,77.0,53,75,8.05,US,2020-08-22 20:52:21,broken clouds
193,San Andres,12.58,-81.7,84.2,79,75,3.36,CO,2020-08-22 20:57:01,broken clouds
194,Sur,22.57,59.53,81.5,74,100,10.76,OM,2020-08-22 20:57:02,overcast clouds
195,Olafsvik,64.89,-23.71,51.1,67,24,7.49,IS,2020-08-22 20:53:36,few clouds
196,Taoudenni,22.68,-3.98,107.58,7,45,11.68,ML,2020-08-22 20:57:02,scattered clouds
197,Batabano,22.72,-82.29,89.6,66,40,6.93,CU,2020-08-22 20:57:02,scattered clouds
198,Rio Tercero,-32.17,-64.11,64.0,18,0,3.0,AR,2020-08-22 20:57:02,clear sky
199,Bridlington,54.08,-0.19,60.8,77,98,8.05,GB,2020-08-22 20:57:03,light rain
200,Hualmay,-11.1,-77.61,64.96,70,16,9.22,PE,2020-08-22 20:57:03,few clouds
201,Margate,51.38,1.39,66.0,77,38,5.01,GB,2020-08-22 20:53:04,scattered clouds
202,Envira,-7.3,-70.22,71.82,52,7,4.79,BR,2020-08-22 20:57:04,clear sky
203,Charters Towers,-20.1,146.27,51.6,47,40,10.74,AU,2020-08-22 20:57:04,scattered clouds
204,Coquimbo,-29.95,-71.34,51.8,87,90,8.05,CL,2020-08-22 20:57:05,overcast clouds
205,Belmonte,-15.86,-38.88,71.6,83,75,4.7,BR,2020-08-22 20:52:05,light intensity drizzle
206,Avera,33.19,-82.53,80.6,83,40,6.93,US,2020-08-22 20:57:05,scattered clouds
207,Vaini,-21.2,-175.2,77.0,83,20,10.29,TO,2020-08-22 20:57:05,few clouds
208,Wanxian,30.8,108.39,76.82,77,14,3.76,CN,2020-08-22 20:57:05,light rain
209,Port Elizabeth,-33.92,25.57,55.4,76,0,2.24,ZA,2020-08-22 20:57:06,clear sky
210,Bereda,43.27,-7.54,62.01,88,9,3.0,ES,2020-08-22 20:54:40,clear sky
211,Port-Cartier,50.03,-66.87,62.01,59,40,9.17,CA,2020-08-22 20:57:06,scattered clouds
212,Inuvik,68.35,-133.72,60.8,72,20,5.82,CA,2020-08-22 20:57:06,few clouds
213,Saint-Augustin,51.23,-58.65,64.8,62,96,4.07,CA,2020-08-22 20:57:06,overcast clouds
214,Ormara,25.21,64.64,83.66,85,100,12.57,PK,2020-08-22 20:57:07,overcast clouds
215,Victoria,22.29,114.16,82.0,78,13,3.0,HK,2020-08-22 20:57:07,few clouds
216,Lufilufi,-13.87,-171.6,86.0,74,40,9.17,WS,2020-08-22 20:47:18,scattered clouds
217,Ust-Nera,64.57,143.2,39.69,70,100,5.3,RU,2020-08-22 20:47:14,overcast clouds
218,Port Blair,11.67,92.75,82.15,79,100,10.76,IN,2020-08-22 20:57:07,overcast clouds
219,Touros,-5.2,-35.46,78.8,74,40,11.41,BR,2020-08-22 20:47:08,scattered clouds
220,Corby,52.5,-0.69,61.0,74,78,11.01,GB,2020-08-22 20:54:47,broken clouds
221,Dayong,25.02,118.29,78.8,100,90,4.47,CN,2020-08-22 20:57:08,overcast clouds
222,Naze,28.37,129.48,84.2,83,75,3.36,JP,2020-08-22 20:57:08,broken clouds
223,Gat,31.61,34.76,80.01,36,0,0.63,IL,2020-08-22 20:54:01,clear sky
224,Ambanja,-13.68,48.45,71.35,82,81,1.19,MG,2020-08-22 20:57:09,light rain
225,Pochutla,15.74,-96.47,88.0,62,40,6.93,MX,2020-08-22 20:57:09,scattered clouds
226,Nikolskoye,59.7,30.79,64.4,68,96,6.71,RU,2020-08-22 20:57:09,overcast clouds
227,Mahajanga,-15.72,46.32,71.6,88,20,3.36,MG,2020-08-22 20:57:10,few clouds
228,Lasa,46.62,10.7,60.01,100,5,4.7,IT,2020-08-22 20:57:10,clear sky
229,Batagay-Alyta,67.8,130.41,35.46,84,96,1.1,RU,2020-08-22 20:53:46,overcast clouds
230,Maumere,-8.62,122.21,75.61,75,51,3.74,ID,2020-08-22 20:53:41,broken clouds
231,Teahupoo,-17.83,-149.27,80.6,65,40,2.24,PF,2020-08-22 20:57:11,scattered clouds
232,Bristol,41.83,-71.17,78.01,83,90,5.82,US,2020-08-22 20:57:11,moderate rain
233,Santiago Del Estero,-27.8,-64.26,69.46,21,0,14.36,AR,2020-08-22 20:53:56,clear sky
234,Lata,40.16,-8.33,66.0,77,0,4.0,PT,2020-08-22 20:57:11,clear sky
235,Upata,8.01,-62.4,91.0,63,4,1.01,VE,2020-08-22 20:52:16,clear sky
236,Maningrida,-12.07,134.27,62.13,76,0,8.5,AU,2020-08-22 20:57:12,clear sky
237,Ray,23.68,85.05,77.23,85,100,1.97,IN,2020-08-22 20:57:12,light rain
238,Lazaro Cardenas,17.96,-102.2,85.06,71,0,7.2,MX,2020-08-22 20:57:13,clear sky
239,Te Anau,-45.42,167.72,42.91,86,100,1.28,NZ,2020-08-22 20:57:13,overcast clouds
240,Komnina,40.6,21.78,79.0,60,0,3.36,GR,2020-08-22 20:57:13,clear sky
241,At-Bashi,41.17,75.81,53.74,42,0,2.01,KG,2020-08-22 20:57:13,clear sky
242,Cidreira,-30.18,-50.21,54.07,70,0,5.79,BR,2020-08-22 20:56:21,clear sky
243,Lavrentiya,65.58,-171.0,46.42,95,100,6.85,RU,2020-08-22 20:52:32,light rain
244,Jinji,23.23,110.83,77.4,90,22,2.35,CN,2020-08-22 20:57:14,few clouds
245,Ongandjera,-17.88,15.07,66.6,24,6,7.49,NA,2020-08-22 20:57:14,clear sky
246,Trelew,-43.25,-65.31,66.61,26,0,4.25,AR,2020-08-22 20:57:14,clear sky
247,Limoges,45.75,1.33,63.0,72,67,4.7,FR,2020-08-22 20:57:14,broken clouds
248,Santa Cruz,-17.8,-63.17,68.0,37,75,4.7,BO,2020-08-22 20:54:24,broken clouds
249,Roald,62.58,6.13,59.0,82,100,16.11,NO,2020-08-22 20:57:15,light rain
250,Provideniya,64.38,-173.3,50.5,87,100,5.3,RU,2020-08-22 20:57:15,light rain
251,Qaqortoq,60.72,-46.03,53.6,62,20,8.05,GL,2020-08-22 20:57:15,few clouds
252,Weymouth,42.22,-70.94,78.8,94,69,4.7,US,2020-08-22 20:57:16,moderate rain
253,Winnemucca,40.97,-117.74,91.4,8,1,11.41,US,2020-08-22 20:57:16,haze
254,Teya,60.38,92.63,51.71,91,100,2.91,RU,2020-08-22 20:57:17,overcast clouds
255,Khatanga,71.97,102.5,47.71,76,0,7.2,RU,2020-08-22 20:57:17,clear sky
256,Pudozh,61.81,36.53,58.44,80,91,4.97,RU,2020-08-22 20:57:17,overcast clouds
257,Kavaratti,10.57,72.64,82.47,77,59,10.63,IN,2020-08-22 20:57:18,light rain
258,De-Kastri,51.47,140.78,60.84,91,96,2.8,RU,2020-08-22 20:57:18,overcast clouds
259,Truro,50.27,-5.05,60.8,87,4,17.22,GB,2020-08-22 20:57:18,light intensity drizzle
260,Predivinsk,57.07,93.44,50.41,94,8,4.12,RU,2020-08-22 20:57:18,clear sky
261,Punta De Piedra,7.62,-71.49,81.01,72,63,4.18,VE,2020-08-22 20:57:19,broken clouds
262,Iwanai,42.97,140.51,59.13,86,3,4.18,JP,2020-08-22 20:57:19,clear sky
263,Tazovskiy,67.47,78.7,53.11,81,100,9.89,RU,2020-08-22 20:57:19,overcast clouds
264,Geraldton,-28.77,114.6,59.0,87,90,1.12,AU,2020-08-22 20:57:19,overcast clouds
265,Bandarbeyla,9.49,50.81,76.39,76,55,31.68,SO,2020-08-22 20:57:20,broken clouds
266,Nador,35.17,-2.93,82.4,65,0,4.7,MA,2020-08-22 20:54:25,clear sky
267,Los Llanos De Aridane,28.66,-17.92,75.2,83,6,14.99,ES,2020-08-22 20:57:20,clear sky
268,Cabedelo,-6.98,-34.83,77.0,83,40,9.17,BR,2020-08-22 20:57:20,scattered clouds
269,Challapata,-18.9,-66.77,53.76,30,6,10.13,BO,2020-08-22 20:57:20,clear sky
270,Nerchinskiy Zavod,51.31,119.61,53.49,94,100,4.07,RU,2020-08-22 20:57:21,light rain
271,Nalut,30.33,10.85,83.16,20,0,13.4,LY,2020-08-22 20:57:21,clear sky
272,Dalbandin,28.89,64.41,89.85,42,99,15.97,PK,2020-08-22 20:57:21,overcast clouds
273,Henties Bay,-22.12,14.28,72.0,20,0,7.43,NA,2020-08-22 20:57:21,clear sky
274,Gornyy,55.12,83.91,51.44,91,93,6.08,RU,2020-08-22 20:57:21,overcast clouds
275,Ugoofaaru,5.67,73.0,83.39,69,0,5.06,MV,2020-08-22 20:57:22,clear sky
276,Jalu,29.03,21.55,81.82,49,0,16.17,LY,2020-08-22 20:57:22,clear sky
277,Quatre Cocos,-20.21,57.76,69.8,88,75,12.75,MU,2020-08-22 20:55:04,broken clouds
278,Fountain,38.68,-104.7,95.0,6,20,8.81,US,2020-08-22 20:57:22,few clouds
279,Lagoa,39.05,-27.98,72.55,80,70,10.18,PT,2020-08-22 20:52:35,broken clouds
280,Monrovia,6.3,-10.8,77.0,94,75,10.8,LR,2020-08-22 20:52:46,light rain
281,Werda,-25.27,23.28,55.67,49,0,10.27,BW,2020-08-22 20:57:23,clear sky
282,Tiznit,29.58,-9.5,91.18,25,72,1.48,MA,2020-08-22 20:57:23,light rain
283,Nianzishan,47.52,122.88,58.42,67,100,4.12,CN,2020-08-22 20:57:23,overcast clouds
284,Tamahu,15.33,-90.17,70.3,92,97,0.58,GT,2020-08-22 20:57:24,moderate rain
285,Salalah,17.02,54.09,77.0,100,90,3.36,OM,2020-08-22 20:57:24,drizzle
286,Atherton,53.52,-2.49,60.01,98,100,4.0,GB,2020-08-22 20:57:24,moderate rain
287,Pevek,69.7,170.31,38.21,98,100,4.52,RU,2020-08-22 20:52:33,light rain
288,Cortez,37.35,-108.59,95.0,14,1,8.05,US,2020-08-22 20:57:24,clear sky
289,Emerald,-23.53,148.17,48.99,56,0,4.7,AU,2020-08-22 20:54:09,clear sky
290,Poya,-21.35,165.15,70.92,77,20,3.69,NC,2020-08-22 20:57:25,few clouds
291,Gorontalo,0.54,123.06,75.69,89,83,5.84,ID,2020-08-22 20:57:25,broken clouds
292,Cayenne,4.93,-52.33,87.8,58,4,1.12,GF,2020-08-22 20:57:25,clear sky
293,Aykhal,66.0,111.5,42.8,75,7,6.71,RU,2020-08-22 20:53:56,clear sky
294,Xining,36.62,101.77,56.37,83,100,0.58,CN,2020-08-22 20:57:05,light rain
295,Hambantota,6.12,81.12,78.8,100,40,4.7,LK,2020-08-22 20:57:26,scattered clouds
296,Bathsheba,13.22,-59.52,86.0,70,20,11.41,BB,2020-08-22 20:53:38,few clouds
297,Shingu,33.73,135.98,74.8,87,94,4.72,JP,2020-08-22 20:57:27,overcast clouds
298,Sao Filipe,14.9,-24.5,79.18,79,30,1.72,CV,2020-08-22 20:57:27,scattered clouds
299,Srostki,52.42,85.7,56.34,68,100,5.06,RU,2020-08-22 20:57:27,overcast clouds
300,Soyo,-6.13,12.37,73.87,86,4,5.3,AO,2020-08-22 20:57:27,clear sky
301,Lerwick,60.15,-1.15,53.6,100,90,6.93,GB,2020-08-22 20:57:27,overcast clouds
302,Jinchang,38.5,102.17,60.62,77,100,7.49,CN,2020-08-22 20:57:28,light rain
303,Broome,42.25,-75.83,84.0,44,20,3.36,US,2020-08-22 20:57:28,few clouds
304,Cabo San Lucas,22.89,-109.91,89.6,55,5,9.17,MX,2020-08-22 20:53:44,clear sky
305,Briceni,48.36,27.7,64.99,74,0,6.85,MD,2020-08-22 20:57:28,clear sky
306,Palaikastron,35.2,26.25,82.0,41,0,15.99,GR,2020-08-22 20:57:29,clear sky
307,Komsomolskiy,40.43,71.72,71.6,46,0,6.93,UZ,2020-08-22 20:57:29,clear sky
308,Biak,-0.91,122.88,75.96,81,75,7.99,ID,2020-08-22 20:57:29,broken clouds
309,Zhezkazgan,47.8,67.71,60.06,52,100,4.61,KZ,2020-08-22 20:57:29,overcast clouds
310,Acarau,-2.89,-40.12,78.8,73,4,16.44,BR,2020-08-22 20:54:46,clear sky
311,Vao,-22.67,167.48,71.44,83,48,14.25,NC,2020-08-22 20:57:30,light rain
312,Savino,56.59,41.22,54.21,80,0,2.28,RU,2020-08-22 20:57:30,clear sky
313,Tuktoyaktuk,69.45,-133.04,57.2,76,20,10.29,CA,2020-08-22 20:57:30,few clouds
314,Batemans Bay,-35.72,150.18,37.0,72,22,8.99,AU,2020-08-22 20:57:30,few clouds
315,Tyukhtet,56.54,89.3,49.03,97,5,5.46,RU,2020-08-22 20:57:31,clear sky
316,Ketchikan,55.34,-131.65,59.0,93,90,13.87,US,2020-08-22 20:54:27,light rain
317,Kloulklubed,7.04,134.26,75.2,94,75,2.89,PW,2020-08-22 20:54:36,broken clouds
318,Tucuman,-26.82,-65.22,69.8,18,0,16.11,AR,2020-08-22 20:57:31,smoke
319,Tigzirt,36.89,4.12,75.72,79,9,1.54,DZ,2020-08-22 20:57:32,clear sky
320,Padilla,3.22,-76.31,82.4,61,40,2.24,CO,2020-08-22 20:57:32,scattered clouds
321,Nambucca Heads,-30.65,153.0,53.01,70,0,5.82,AU,2020-08-22 20:57:32,clear sky
322,Berlevag,70.86,29.09,59.94,75,74,18.68,NO,2020-08-22 20:57:32,broken clouds
323,Chumikan,54.72,135.31,54.54,82,95,4.56,RU,2020-08-22 20:57:32,overcast clouds
324,Khovu-Aksy,51.13,93.6,45.5,75,0,2.46,RU,2020-08-22 20:57:33,clear sky
325,Labuhan,-6.88,112.21,76.03,85,3,7.52,ID,2020-08-22 20:57:33,clear sky
326,Ceres,37.59,-120.96,84.2,45,1,3.98,US,2020-08-22 20:54:43,haze
327,Agirish,61.92,63.02,48.61,94,34,5.88,RU,2020-08-22 20:57:33,scattered clouds
328,Haines Junction,60.75,-137.51,63.99,69,100,1.1,CA,2020-08-22 20:57:33,overcast clouds
329,North Myrtle Beach,33.82,-78.68,84.0,74,1,9.17,US,2020-08-22 20:55:12,light rain
330,Baykit,61.67,96.37,57.54,87,100,0.78,RU,2020-08-22 20:57:34,light rain
331,Villingen-Schwenningen,48.07,8.45,61.0,88,8,3.42,DE,2020-08-22 20:57:34,clear sky
332,Santa Isabel,-23.32,-46.22,59.0,81,90,8.05,BR,2020-08-22 20:57:34,overcast clouds
333,Okakarara,-20.58,17.43,55.47,39,0,6.31,NA,2020-08-22 20:57:34,clear sky
334,Tutoia,-2.76,-42.27,78.6,86,12,12.64,BR,2020-08-22 20:57:35,few clouds
335,Turukhansk,65.82,87.98,55.83,94,100,4.07,RU,2020-08-22 20:54:54,light rain
336,Giyon,8.53,37.98,57.87,84,35,1.59,ET,2020-08-22 20:57:35,scattered clouds
337,Prattville,32.46,-86.46,87.01,58,40,6.89,US,2020-08-22 20:57:36,scattered clouds
338,Shenjiamen,29.96,122.3,79.74,86,0,5.91,CN,2020-08-22 20:57:36,clear sky
339,Alenquer,-1.94,-54.74,91.4,55,20,4.7,BR,2020-08-22 20:57:36,few clouds
340,Bara,10.37,10.73,76.1,84,97,5.1,NG,2020-08-22 20:57:36,overcast clouds
341,Falmouth,50.15,-5.07,60.8,82,3,19.46,GB,2020-08-22 20:57:36,clear sky
342,Makakilo City,21.35,-158.09,86.0,48,20,10.29,US,2020-08-22 20:57:37,few clouds
343,Kuching,1.55,110.33,75.0,100,40,3.36,MY,2020-08-22 20:57:37,light rain
344,Northampton,40.88,-75.25,89.01,67,0,1.01,US,2020-08-22 20:57:37,clear sky
345,Carutapera,-1.2,-46.02,80.19,79,2,8.97,BR,2020-08-22 20:57:37,clear sky
346,Hamilton,39.18,-84.53,81.0,73,1,5.82,US,2020-08-22 20:57:14,light rain
347,Verkhnevilyuysk,63.45,120.32,38.62,80,0,2.64,RU,2020-08-22 20:57:38,clear sky
348,Sokolo,14.73,-6.12,78.49,79,100,11.43,ML,2020-08-22 20:57:38,light rain
349,Kavieng,-2.57,150.8,82.2,71,1,1.72,PG,2020-08-22 20:57:38,clear sky
350,Saint George,37.1,-113.58,102.99,29,1,6.93,US,2020-08-22 20:56:28,clear sky
351,Zhanaozen,43.3,52.8,71.17,44,84,27.65,KZ,2020-08-22 20:57:38,broken clouds
352,Palauig,15.44,119.9,81.34,74,100,6.69,PH,2020-08-22 20:57:39,overcast clouds
353,Nieuw Nickerie,5.95,-56.98,84.09,71,5,9.13,SR,2020-08-22 20:57:39,clear sky
354,Cap Malheureux,-19.98,57.61,69.01,76,3,1.99,MU,2020-08-22 20:57:39,clear sky
355,Padang,-0.95,100.35,77.88,78,100,3.22,ID,2020-08-22 20:57:39,light rain
356,Grand Gaube,-20.01,57.66,69.01,76,2,1.99,MU,2020-08-22 20:57:40,light rain
357,Pinhao,-25.7,-51.66,48.51,76,50,5.46,BR,2020-08-22 20:57:40,scattered clouds
358,Penzance,50.12,-5.54,60.8,82,7,19.46,GB,2020-08-22 20:57:40,clear sky
359,Pathum Thani,14.01,100.53,86.0,94,40,6.02,TH,2020-08-22 20:57:40,scattered clouds
360,Khandyga,62.67,135.6,40.33,70,0,5.93,RU,2020-08-22 20:57:40,clear sky
361,Yulara,-25.24,130.99,48.2,45,0,6.93,AU,2020-08-22 20:57:41,clear sky
362,Mehamn,71.04,27.85,59.79,76,68,14.94,NO,2020-08-22 20:55:53,broken clouds
363,Dreux,48.67,1.25,68.0,60,100,13.87,FR,2020-08-22 20:57:41,overcast clouds
364,Adrar,20.5,-10.07,102.99,8,28,6.53,MR,2020-08-22 20:57:41,scattered clouds
365,Vitim,59.45,112.56,52.57,75,100,6.53,RU,2020-08-22 20:57:42,overcast clouds
366,Usinsk,65.99,57.53,46.94,91,57,8.25,RU,2020-08-22 20:57:42,broken clouds
367,Les Cayes,18.2,-73.75,87.31,68,71,5.59,HT,2020-08-22 20:57:42,light rain
368,Kushiro,42.98,144.37,64.11,91,99,4.79,JP,2020-08-22 20:57:43,overcast clouds
369,Japura,-0.32,102.35,74.17,96,100,1.99,ID,2020-08-22 20:57:43,light rain
370,Atasu,48.68,71.64,54.43,67,98,1.54,KZ,2020-08-22 20:57:43,overcast clouds
371,Llanes,43.42,-4.75,66.99,93,44,1.01,ES,2020-08-22 20:57:43,scattered clouds
372,Palmas,-10.21,-48.36,95.0,32,75,4.7,BR,2020-08-22 20:57:43,broken clouds
373,Richards Bay,-28.78,32.04,65.08,70,0,13.18,ZA,2020-08-22 20:57:44,clear sky
374,Saint-Francois,46.42,3.91,71.6,53,91,4.7,FR,2020-08-22 20:54:43,overcast clouds
375,Tilichiki,60.47,166.1,49.41,84,93,2.39,RU,2020-08-22 20:57:11,overcast clouds
376,Mandalgovi,45.76,106.27,59.2,49,99,4.79,MN,2020-08-22 20:54:17,overcast clouds
377,Thinadhoo,0.53,72.93,83.14,75,26,6.49,MV,2020-08-22 20:55:55,light rain
378,Kaoma,-14.78,24.8,66.96,45,0,10.71,ZM,2020-08-22 20:57:45,clear sky
379,North Bend,43.41,-124.22,82.0,72,1,19.46,US,2020-08-22 20:57:45,clear sky
380,Popondetta,-8.75,148.25,74.79,88,3,1.86,PG,2020-08-22 20:57:45,clear sky
381,Sao Luiz Gonzaga,-28.41,-54.96,54.03,79,0,6.85,BR,2020-08-22 20:57:45,clear sky
382,Sinnamary,5.38,-52.95,82.42,74,24,8.05,GF,2020-08-22 20:57:46,light rain
383,Tabuk,17.42,121.44,73.89,86,99,2.59,PH,2020-08-22 20:56:18,overcast clouds
384,Gamba,-2.65,10.0,73.27,84,47,6.44,GA,2020-08-22 20:57:46,scattered clouds
385,Muisne,0.6,-80.03,80.6,78,75,10.29,EC,2020-08-22 20:57:47,broken clouds
386,Ler,8.3,30.14,73.96,87,0,2.51,SS,2020-08-22 20:57:47,clear sky
387,Cedar City,37.68,-113.06,91.4,16,1,8.37,US,2020-08-22 20:57:47,clear sky
388,Acara,-1.96,-48.2,81.37,68,66,3.8,BR,2020-08-22 20:53:04,broken clouds
389,Cordoba,-31.41,-64.18,66.99,16,0,20.8,AR,2020-08-22 20:54:04,clear sky
390,Bam,29.11,58.36,93.29,24,65,10.13,IR,2020-08-22 20:57:48,broken clouds
391,Narrabri,-30.32,149.78,34.0,80,0,8.05,AU,2020-08-22 20:57:48,clear sky
392,Igarka,67.47,86.58,54.45,79,100,6.22,RU,2020-08-22 20:57:49,overcast clouds
393,Safford,32.83,-109.71,98.6,29,1,16.11,US,2020-08-22 20:52:59,clear sky
394,Kenai,60.55,-151.26,66.2,67,20,6.93,US,2020-08-22 20:56:33,few clouds
395,Coffs Harbour,-30.3,153.13,46.99,70,0,5.82,AU,2020-08-22 20:54:07,clear sky
396,Vieux-Habitants,16.06,-61.77,84.2,74,20,10.29,GP,2020-08-22 20:57:49,few clouds
397,Nantucket,41.28,-70.1,77.0,78,1,9.17,US,2020-08-22 20:57:50,clear sky
398,The Pas,53.83,-101.25,59.0,82,90,11.88,CA,2020-08-22 20:57:50,overcast clouds
399,Deputatskiy,69.3,139.9,31.86,98,96,1.16,RU,2020-08-22 20:57:50,overcast clouds
400,Ambilobe,-13.2,49.05,68.52,65,61,6.98,MG,2020-08-22 20:54:06,broken clouds
401,Ilulissat,69.22,-51.1,44.6,65,0,4.7,GL,2020-08-22 20:57:51,clear sky
402,Aktau,43.65,51.2,66.2,68,40,11.18,KZ,2020-08-22 20:57:51,light intensity shower rain
403,Turtas,58.94,69.13,47.01,94,8,4.27,RU,2020-08-22 20:57:51,clear sky
404,Penzberg,47.75,11.38,60.01,98,38,2.55,DE,2020-08-22 20:57:51,light rain
405,Beira,-19.84,34.84,69.8,73,0,6.93,MZ,2020-08-22 20:57:52,clear sky
406,Ostrovnoy,68.05,39.51,59.38,74,0,16.73,RU,2020-08-22 20:57:52,clear sky
407,Hofn,64.25,-15.21,50.22,73,55,3.85,IS,2020-08-22 20:57:52,broken clouds
408,Sartell,45.62,-94.21,86.0,65,1,9.17,US,2020-08-22 20:57:52,clear sky
409,Salme,28.04,85.09,69.8,94,75,3.36,NP,2020-08-22 20:57:53,broken clouds
410,Sume,-7.67,-36.88,79.56,42,30,15.82,BR,2020-08-22 20:57:53,scattered clouds
411,Wana,32.3,69.57,76.62,66,4,3.38,PK,2020-08-22 20:57:53,clear sky
412,Maniitsoq,65.42,-52.9,49.53,80,42,10.69,GL,2020-08-22 20:57:53,scattered clouds
413,Luba,3.46,8.55,77.02,83,85,9.86,GQ,2020-08-22 20:57:53,overcast clouds
414,Seoul,37.57,126.98,71.6,94,75,2.01,KR,2020-08-22 20:57:25,broken clouds
415,Kuytun,54.34,101.5,53.83,92,100,12.17,RU,2020-08-22 20:57:54,overcast clouds
416,Torres,-29.34,-49.73,52.57,74,0,2.59,BR,2020-08-22 20:57:54,clear sky
417,Surgut,61.25,73.42,51.8,100,40,4.47,RU,2020-08-22 20:57:55,light intensity shower rain
418,Saint-Pierre,-21.34,55.48,66.2,63,0,5.82,RE,2020-08-22 20:57:55,clear sky
419,Bandarban,22.2,92.23,73.98,95,96,2.62,BD,2020-08-22 20:57:55,light rain
420,Birin,26.89,88.07,61.9,100,41,3.33,NP,2020-08-22 20:57:56,light rain
421,Lopsmarka,67.31,14.45,59.0,93,75,9.17,NO,2020-08-22 20:57:56,light intensity shower rain
422,Cabo Rojo,18.09,-67.15,78.01,95,100,5.99,PR,2020-08-22 20:57:56,heavy intensity rain
423,Urumqi,43.8,87.6,73.4,33,67,11.18,CN,2020-08-22 20:56:03,broken clouds
424,Synya,65.37,58.04,45.55,95,20,3.76,RU,2020-08-22 20:57:56,few clouds
425,Sambava,-14.27,50.17,69.35,79,26,12.64,MG,2020-08-22 20:57:57,scattered clouds
426,Sisimiut,66.94,-53.67,51.37,68,74,8.25,GL,2020-08-22 20:57:57,broken clouds
427,Atyrau,47.12,51.88,66.2,42,100,17.9,KZ,2020-08-22 20:57:57,overcast clouds
428,Moindou,-21.69,165.68,66.2,93,90,4.27,NC,2020-08-22 20:57:58,drizzle
429,Camopi,3.17,-52.32,84.16,56,85,2.71,GF,2020-08-22 20:57:58,overcast clouds
430,Dudinka,69.41,86.18,57.2,62,13,11.18,RU,2020-08-22 20:53:59,few clouds
431,Xichang,27.9,102.26,64.06,79,1,1.74,CN,2020-08-22 20:57:58,clear sky
432,Esperance,-33.87,121.9,51.8,81,75,12.75,AU,2020-08-22 20:57:58,broken clouds
433,Koath,25.32,84.27,81.73,82,68,3.22,IN,2020-08-22 20:57:59,moderate rain
434,Kaminoyama,38.15,140.27,77.0,83,75,4.7,JP,2020-08-22 20:57:59,broken clouds
435,Bonthe,7.53,-12.51,75.76,93,100,7.76,SL,2020-08-22 20:57:59,light rain
436,Ziarat,30.38,67.73,64.22,81,1,1.7,PK,2020-08-22 20:57:59,clear sky
437,Mana,5.66,-53.78,83.01,72,12,8.14,GF,2020-08-22 20:57:59,light rain
438,Broken Hill,-31.95,141.43,41.0,80,3,11.41,AU,2020-08-22 20:58:00,clear sky
439,Leningradskiy,69.38,178.42,47.82,80,3,4.25,RU,2020-08-22 20:58:00,clear sky
440,San Jeronimo,-11.95,-75.28,62.98,38,78,7.45,PE,2020-08-22 20:58:00,broken clouds
441,Erzin,36.96,36.2,84.0,33,0,5.99,TR,2020-08-22 20:58:00,clear sky
442,Gravdal,68.12,13.5,56.93,92,100,13.24,NO,2020-08-22 20:58:01,light rain
443,Luena,-11.78,19.92,68.97,35,73,3.76,AO,2020-08-22 20:57:36,broken clouds
444,Parabel,58.7,81.48,51.15,96,58,6.22,RU,2020-08-22 20:58:01,broken clouds
445,Tiksi,71.69,128.87,40.24,91,100,4.36,RU,2020-08-22 20:58:01,light rain
446,Nicoya,10.15,-85.45,80.6,88,40,6.93,CR,2020-08-22 20:58:02,shower rain
447,Lokosovo,61.13,74.82,47.03,94,20,4.63,RU,2020-08-22 20:57:13,few clouds
448,Nabire,-3.37,135.48,73.35,91,66,3.98,ID,2020-08-22 20:58:02,moderate rain
449,Barranca,-10.75,-77.77,63.77,74,31,8.93,PE,2020-08-22 20:58:02,scattered clouds
450,Alofi,-19.06,-169.92,77.0,83,75,12.75,NU,2020-08-22 20:56:58,broken clouds
451,Nhulunbuy,-12.23,136.77,73.4,64,0,10.29,AU,2020-08-22 20:58:03,clear sky
452,Qarqin,37.42,66.04,79.68,17,0,6.22,AF,2020-08-22 20:58:03,clear sky
453,Dosso,13.05,3.19,80.76,72,69,7.45,NE,2020-08-22 20:58:03,light rain
454,Bachaquero,9.97,-71.15,87.19,62,31,3.06,VE,2020-08-22 20:58:03,scattered clouds
455,Yokadouma,3.52,15.05,71.1,95,100,0.78,CM,2020-08-22 20:58:04,overcast clouds
456,Noyabrsk,63.2,75.45,46.8,93,44,4.59,RU,2020-08-22 20:58:04,scattered clouds
457,Pinotepa Nacional,16.32,-98.02,85.91,68,69,8.1,MX,2020-08-22 20:58:04,moderate rain
458,Hervey Bay,-25.3,152.85,55.0,43,0,3.36,AU,2020-08-22 20:58:04,clear sky
459,Okato,-39.2,173.88,52.0,91,78,8.99,NZ,2020-08-22 20:58:05,broken clouds
460,Abancay,-13.63,-72.88,69.03,38,51,7.7,PE,2020-08-22 20:58:05,broken clouds
461,Tocopilla,-22.09,-70.2,65.1,52,20,5.1,CL,2020-08-22 20:58:05,few clouds
462,Port Hedland,-20.32,118.57,62.6,39,0,9.17,AU,2020-08-22 20:58:05,clear sky
463,Laguna,38.42,-121.42,96.01,40,20,2.86,US,2020-08-22 20:58:05,haze
464,Russell,32.35,-85.2,89.6,52,75,5.12,US,2020-08-22 20:56:38,broken clouds
465,Kalmunai,7.42,81.82,80.38,75,40,12.66,LK,2020-08-22 20:54:05,scattered clouds
466,Clyde River,70.47,-68.59,50.76,69,97,7.63,CA,2020-08-22 20:58:06,overcast clouds
467,Nieuw Amsterdam,5.88,-55.08,84.2,70,20,11.41,SR,2020-08-22 20:58:06,few clouds
468,Sulecin,52.44,15.12,66.99,100,17,6.93,PL,2020-08-22 20:58:07,few clouds
469,Carbonia,39.17,8.52,80.6,88,5,16.11,IT,2020-08-22 20:58:07,clear sky
470,Haldwani,29.22,79.52,76.24,81,17,5.59,IN,2020-08-22 20:58:07,few clouds
471,Mnogovershinnyy,53.94,139.92,51.4,88,69,0.76,RU,2020-08-22 20:58:07,broken clouds
472,Mokhsogollokh,61.47,128.92,39.47,76,0,4.29,RU,2020-08-22 20:58:08,clear sky
473,Amapa,1.0,-52.0,87.04,56,64,2.44,BR,2020-08-22 20:56:37,broken clouds
474,Matara,5.95,80.54,78.48,87,100,5.32,LK,2020-08-22 20:58:08,light rain
475,Sefton,-43.25,172.67,52.0,100,100,8.05,NZ,2020-08-22 20:58:08,light rain
476,Iqaluit,63.75,-68.51,48.2,70,20,9.17,CA,2020-08-22 20:53:19,few clouds
477,Meulaboh,4.14,96.13,74.43,88,86,4.68,ID,2020-08-22 20:58:09,overcast clouds
478,Ternate,0.8,127.4,80.06,78,75,6.22,ID,2020-08-22 20:58:09,broken clouds
479,Vostok,46.49,135.88,52.05,89,100,3.15,RU,2020-08-22 20:58:09,overcast clouds
480,Coronel Vivida,-25.98,-52.57,51.75,80,3,1.74,BR,2020-08-22 20:58:10,clear sky
481,Takoradi,4.88,-1.76,75.09,90,14,6.58,GH,2020-08-22 20:58:10,few clouds
482,Ndjole,-0.18,10.76,78.6,71,100,5.79,GA,2020-08-22 20:58:10,overcast clouds
483,Stornoway,58.21,-6.39,52.0,93,86,9.17,GB,2020-08-22 20:58:10,overcast clouds
484,Beringovskiy,63.05,179.32,53.64,84,81,8.03,RU,2020-08-22 20:58:11,broken clouds
485,Caloundra,-26.8,153.13,46.99,56,0,1.01,AU,2020-08-22 20:58:11,clear sky
486,Basco,20.45,121.97,83.79,78,100,23.89,PH,2020-08-22 20:58:11,overcast clouds
487,Ishigaki,24.34,124.16,83.39,81,100,28.19,JP,2020-08-22 20:58:11,moderate rain
488,Coos Bay,43.37,-124.22,82.0,72,1,19.46,US,2020-08-22 20:58:12,clear sky
489,Mvomero,-6.25,38.67,70.25,79,67,3.0,TZ,2020-08-22 20:58:12,broken clouds
490,Bellary,15.15,76.93,75.61,80,99,12.3,IN,2020-08-22 20:58:12,overcast clouds
491,Forestville,38.85,-76.88,84.99,65,20,9.17,US,2020-08-22 20:55:59,few clouds
492,Camana,-16.62,-72.71,62.13,74,63,5.48,PE,2020-08-22 20:58:13,broken clouds
493,Mitsamiouli,-11.38,43.28,76.77,73,33,3.0,KM,2020-08-22 20:58:13,scattered clouds
494,Adwa,14.16,38.9,62.49,87,7,1.14,ET,2020-08-22 20:58:13,light rain
495,Anadyr,64.75,177.48,51.8,93,75,11.18,RU,2020-08-22 20:58:14,broken clouds
496,Shetpe,44.17,52.12,62.92,63,95,22.57,KZ,2020-08-22 20:58:14,overcast clouds
497,Iranshahr,27.2,60.68,91.4,49,15,9.17,IR,2020-08-22 20:58:14,few clouds
498,Kaseda,31.42,130.32,80.26,81,22,3.47,JP,2020-08-22 20:58:14,few clouds
499,Half Moon Bay,37.46,-122.43,90.0,77,20,10.29,US,2020-08-22 20:58:15,few clouds
500,Buin,-33.73,-70.75,71.6,30,0,6.93,CL,2020-08-22 20:58:15,clear sky
501,Shasta Lake,40.68,-122.37,93.99,28,90,3.36,US,2020-08-22 20:58:15,haze
502,Morondava,-20.28,44.28,71.94,61,0,9.37,MG,2020-08-22 20:58:15,clear sky
503,Pasco,28.29,-82.42,87.01,81,100,4.83,US,2020-08-22 20:58:16,moderate rain
504,Fengzhen,40.44,113.15,62.82,83,99,3.71,CN,2020-08-22 20:58:16,light rain
505,Falam,22.92,93.68,61.83,100,100,3.36,MM,2020-08-22 20:58:16,overcast clouds
506,Liverpool,53.41,-2.98,61.0,87,40,10.29,GB,2020-08-22 20:56:53,shower rain
507,Chirongui,-12.93,45.15,71.6,88,38,2.24,YT,2020-08-22 20:58:17,scattered clouds
508,Pisco,-13.7,-76.22,64.4,77,40,10.29,PE,2020-08-22 20:58:17,scattered clouds
509,Sorland,67.67,12.69,56.35,93,100,18.61,NO,2020-08-22 20:58:17,overcast clouds
510,Mao,39.89,4.27,77.0,83,0,11.41,ES,2020-08-22 20:58:17,clear sky
511,Golcuv Jenikov,49.82,15.48,66.2,88,75,4.7,CZ,2020-08-22 20:58:18,broken clouds
512,San Cristobal,7.77,-72.22,93.2,36,40,24.16,VE,2020-08-22 20:58:18,scattered clouds
513,Ust-Maya,60.42,134.53,41.95,66,0,2.57,RU,2020-08-22 20:58:18,clear sky
514,Grindavik,63.84,-22.43,51.8,81,0,10.29,IS,2020-08-22 20:58:19,clear sky
515,Goundam,16.41,-3.67,86.56,54,96,17.81,ML,2020-08-22 20:54:06,overcast clouds
516,Jumla,29.27,82.18,58.6,69,27,1.77,NP,2020-08-22 20:58:19,scattered clouds
517,San Ramon De La Nueva Oran,-23.13,-64.33,71.01,24,98,1.01,AR,2020-08-22 20:58:19,overcast clouds
518,Januaria,-15.48,-44.37,83.62,41,65,7.0,BR,2020-08-22 20:58:20,light rain
519,Ngunguru,-35.62,174.5,54.0,3,13,8.12,NZ,2020-08-22 20:58:20,few clouds
520,Egvekinot,66.32,-179.17,48.31,91,100,10.83,RU,2020-08-22 20:58:20,light rain
521,Canico,32.63,-16.85,75.2,69,40,16.11,PT,2020-08-22 20:58:20,scattered clouds
522,Fairbanks,64.84,-147.72,72.0,43,1,4.7,US,2020-08-22 20:58:21,clear sky
523,Cobija,-11.03,-68.77,72.55,44,42,5.21,BO,2020-08-22 20:58:21,scattered clouds
524,Yambio,4.57,28.4,68.88,95,56,1.36,SS,2020-08-22 20:58:21,broken clouds
525,Road Town,18.42,-64.62,82.4,78,40,23.04,VG,2020-08-22 20:54:24,scattered clouds
526,Mandera,3.94,41.87,80.69,52,100,20.4,KE,2020-08-22 20:58:22,overcast clouds
527,Rundu,-17.93,19.77,63.25,40,0,6.58,NA,2020-08-22 20:58:22,clear sky
528,Saint-Leu,-21.15,55.28,69.8,63,2,5.82,RE,2020-08-22 20:58:22,clear sky
529,Porto Santo,33.07,-16.34,73.4,73,40,12.75,PT,2020-08-22 20:58:22,scattered clouds
530,Malvern,34.36,-92.81,91.0,57,20,2.98,US,2020-08-22 20:58:23,few clouds
531,Taltal,-25.4,-70.48,58.53,62,45,3.02,CL,2020-08-22 20:58:23,scattered clouds
532,Neiafu,-18.65,-173.98,80.6,83,40,11.41,TO,2020-08-22 20:58:23,scattered clouds
533,Pemba,-12.97,40.52,75.2,78,75,18.34,MZ,2020-08-22 20:58:23,broken clouds
534,Veroia,40.52,22.2,79.0,60,0,3.11,GR,2020-08-22 20:58:24,clear sky
535,Codrington,-38.27,141.97,46.83,81,34,16.42,AU,2020-08-22 20:58:25,light rain
536,Jiuquan,39.74,98.52,68.22,41,92,8.28,CN,2020-08-22 20:58:25,overcast clouds
537,Upington,-28.45,21.26,59.0,16,0,8.05,ZA,2020-08-22 20:58:25,clear sky
538,Alta Floresta,-9.88,-56.09,93.9,19,0,2.84,BR,2020-08-22 20:58:25,clear sky
539,Boa Vista,2.82,-60.67,89.6,52,75,14.99,BR,2020-08-22 20:58:25,broken clouds
540,Carauari,-4.88,-66.9,85.17,40,0,2.64,BR,2020-08-22 20:58:26,clear sky
541,Victor Harbor,-35.57,138.62,46.0,91,56,12.28,AU,2020-08-22 20:58:26,light rain
542,Tucupita,9.06,-62.05,87.96,66,32,2.39,VE,2020-08-22 20:58:26,light rain
543,Talas,38.69,35.55,60.8,59,0,2.24,TR,2020-08-22 20:58:26,clear sky
544,Sistranda,63.73,8.83,59.0,93,75,4.7,NO,2020-08-22 20:58:27,broken clouds
545,Fostoria,41.16,-83.42,89.01,55,0,7.0,US,2020-08-22 20:58:27,clear sky
546,Szczecinek,53.71,16.7,66.99,90,55,1.61,PL,2020-08-22 20:58:27,broken clouds
547,Great Falls,47.5,-111.3,87.8,22,1,17.22,US,2020-08-22 20:58:27,clear sky
548,Rawson,-43.3,-65.1,64.2,29,0,5.21,AR,2020-08-22 20:55:03,clear sky
549,Fort Nelson,58.81,-122.7,64.4,68,75,9.17,CA,2020-08-22 20:58:28,broken clouds
550,Sakakah,29.97,40.21,86.0,20,0,10.29,SA,2020-08-22 20:58:28,clear sky
551,Kabin Buri,13.95,101.72,76.3,93,99,1.39,TH,2020-08-22 20:58:28,overcast clouds
552,Dubreka,9.79,-13.52,76.05,90,89,2.1,GN,2020-08-22 20:58:28,overcast clouds
553,Harper,4.38,-7.72,75.97,88,64,11.01,LR,2020-08-22 20:58:29,broken clouds
554,Ruidoso,33.33,-105.67,87.01,20,1,10.29,US,2020-08-22 20:58:29,clear sky
555,Polson,47.69,-114.16,82.0,33,0,3.0,US,2020-08-22 20:58:29,clear sky
556,Chopovychi,50.83,28.95,59.81,87,0,6.6,UA,2020-08-22 20:58:29,clear sky
557,Tautira,-17.73,-149.15,80.6,65,40,2.24,PF,2020-08-22 20:58:29,scattered clouds
558,Ardakan,32.31,54.02,95.0,5,0,13.87,IR,2020-08-22 20:58:30,clear sky
559,Evensk,61.95,159.23,47.28,66,100,10.58,RU,2020-08-22 20:58:30,overcast clouds
560,Sao Gabriel Da Cachoeira,-0.13,-67.09,87.15,53,34,4.21,BR,2020-08-22 20:58:30,scattered clouds
561,Bundaberg,-24.85,152.35,55.0,43,0,3.36,AU,2020-08-22 20:58:30,clear sky
562,Lar,26.2,83.97,80.49,85,78,7.09,IN,2020-08-22 20:58:31,moderate rain
563,Saint-Joseph,-21.37,55.62,66.2,63,16,5.82,RE,2020-08-22 20:58:31,few clouds
564,Kota Belud,6.35,116.43,75.2,94,20,3.36,MY,2020-08-22 20:58:31,few clouds
565,Namibe,-15.2,12.15,63.63,85,5,6.31,AO,2020-08-22 20:56:04,clear sky
566,Zyryanovsk,49.74,84.27,53.58,50,100,0.78,KZ,2020-08-22 20:58:31,overcast clouds
567,Cherskiy,68.75,161.3,37.24,94,100,22.57,RU,,light rain
568,Jamestown,42.1,-79.24,82.99,51,75,4.7,US,,broken clouds
569,Cururupu,-1.83,-44.87,78.44,83,9,3.62,BR,,clear sky
570,Ahipara,-35.17,173.17,58.32,87,25,8.3,NZ,,scattered clouds
571,Ushuaia,-54.8,-68.3,44.6,77,40,16.11,AR,,shower rain
572,Yellowknife,62.46,-114.35,59.0,67,75,13.87,CA,,broken clouds
573,San Patricio,19.22,-104.7,89.6,75,75,11.41,MX,,broken clouds
574,Qaanaaq,77.48,-69.36,38.28,82,100,2.66,GL,,overcast clouds
575,Fortuna,40.6,-124.16,66.0,82,40,14.99,US,,scattered clouds
576,Mpongwe,-13.51,28.16,61.57,66,1,10.29,ZM,,clear sky
577,Mezen,65.85,44.24,56.05,91,0,2.68,RU,,clear sky
578,Mount Gambier,-37.83,140.77,42.8,93,40,8.05,AU,,scattered clouds
579,Pacific Grove,36.62,-121.92,68.0,64,75,5.82,US,,haze
580,Butaritari,3.07,172.79,82.9,63,100,6.58,KI,,overcast clouds
581,Albany,42.6,-73.97,84.0,46,0,8.16,US,,clear sky
582,Lebu,-37.62,-73.65,52.03,78,0,10.96,CL,,clear sky
583,Rudbar,30.15,62.6,84.52,14,0,8.61,AF,,clear sky
584,Rikitea,-23.12,-134.97,66.92,72,79,18.19,PF,,broken clouds
585,Saint-Philippe,-21.36,55.77,69.8,63,34,5.82,RE,,scattered clouds
586,Busselton,-33.65,115.33,50.0,86,50,10.69,AU,,scattered clouds
587,Norman Wells,65.28,-126.83,66.2,59,75,12.75,CA,,broken clouds
588,Kalangala,-0.31,32.23,69.8,88,20,4.7,UG,,few clouds
589,West Wendover,40.74,-114.07,93.2,9,1,9.17,US,,clear sky
590,Atuona,-9.8,-139.03,78.21,78,41,18.25,PF,,light rain
591,Timra,62.49,17.33,66.99,72,49,8.05,SE,,scattered clouds
592,Sitka,57.05,-135.33,60.8,77,75,3.36,US,,broken clouds
593,Dingle,11.0,122.67,76.86,88,100,1.88,PH,,overcast clouds
594,Jiquipilas,16.67,-93.65,86.0,58,75,2.24,MX,,broken clouds
595,Waldshut-Tiengen,47.62,8.22,64.99,91,42,2.57,DE,,scattered clouds
596,Arraial Do Cabo,-22.97,-42.03,68.0,64,75,9.17,BR,,broken clouds
597,Launceston,-41.45,147.17,37.0,88,75,4.7,AU,,light intensity shower rain
598,Tasiilaq,65.61,-37.64,48.2,61,20,10.29,GL,,few clouds
599,Phalaborwa,-23.94,31.14,59.0,67,0,1.12,ZA,,clear sky
600,Songjianghe,42.19,127.48,62.46,90,99,2.93,CN,,overcast clouds
601,Manta,-0.95,-80.73,73.4,83,90,8.05,EC,,overcast clouds
602,Ixtapa,20.7,-105.2,90.0,74,75,9.17,MX,,broken clouds
603,Port Lincoln,-34.73,135.87,48.87,70,75,11.52,AU,,broken clouds
604,Punta Arenas,-53.15,-70.92,42.8,69,40,32.21,CL,,scattered clouds
605,Hobart,-42.88,147.33,44.6,81,20,9.17,AU,,few clouds
606,Kruisfontein,-34.0,24.73,52.12,91,0,6.4,ZA,,clear sky
607,Hermanus,-34.42,19.23,57.99,85,21,1.99,ZA,,few clouds
608,Constantine,36.37,6.61,80.6,44,20,2.24,DZ,,few clouds
609,Kununurra,-15.77,128.73,66.2,25,6,2.24,AU,,clear sky
610,Puerto Ayora,-0.74,-90.35,75.2,60,84,23.04,EC,,broken clouds
611,Bluff,-46.6,168.33,43.0,98,100,1.01,NZ,,overcast clouds
612,Sechura,-5.56,-80.82,74.3,52,8,16.08,PE,,clear sky
613,Alberton,46.82,-64.07,68.0,53,0,6.58,CA,,clear sky
614,Kapaa,22.08,-159.32,84.2,66,20,14.99,US,,few clouds
615,Khani,41.96,42.96,66.2,93,90,4.7,GE,,overcast clouds
616,Santa Vitoria Do Palmar,-33.52,-53.37,50.81,61,0,5.1,BR,,clear sky
617,Chester,40.13,-75.87,84.99,69,1,6.93,US,,clear sky
618,Nome,64.5,-165.41,54.0,93,90,11.41,US,,light rain
619,New Norfolk,-42.78,147.06,44.01,89,98,3.0,AU,,light rain
620,Chokurdakh,70.63,147.92,34.5,95,98,6.69,RU,,overcast clouds
621,Saskylakh,71.92,114.08,36.73,81,7,4.54,RU,,clear sky
622,Saldanha,-33.01,17.94,51.8,87,0,5.82,ZA,,clear sky
623,General Roca,-39.03,-67.58,71.6,26,0,2.24,AR,,clear sky
624,Sandviken,60.62,16.77,64.0,69,27,8.99,SE,,scattered clouds
625,Inhambane,-23.86,35.38,63.23,78,1,4.05,MZ,,clear sky
626,Puerto Del Rosario,28.5,-13.86,78.8,69,0,14.99,ES,,clear sky
627,Castro,-24.79,-50.01,48.2,84,20,6.2,BR,,few clouds
628,East London,-33.02,27.91,66.22,36,0,4.29,ZA,,clear sky
629,Saurimo,-9.66,20.39,71.82,37,37,2.62,AO,,scattered clouds
630,Ancud,-41.87,-73.82,53.01,81,20,18.34,CL,,few clouds
631,Arroyo,41.61,-4.8,71.01,42,22,8.05,ES,,few clouds
632,Namatanai,-3.67,152.43,79.09,80,74,3.85,PG,,moderate rain
633,Stromness,58.97,-3.3,55.4,93,92,14.99,GB,,overcast clouds
634,Avarua,-21.21,-159.78,77.0,69,14,13.87,CK,,few clouds
635,Asau,46.43,26.4,62.01,89,0,2.59,RO,,clear sky
636,Port Alfred,-33.59,26.89,60.46,65,0,9.19,ZA,,clear sky
637,Izhevskoye,54.56,40.87,53.92,83,3,2.77,RU,,clear sky
638,Verkhnyaya Inta,65.98,60.31,42.85,94,12,3.85,RU,,few clouds
639,Shimoda,34.67,138.95,71.01,91,100,1.01,JP,,light rain
640,Tuatapere,-46.13,167.68,43.0,98,100,1.01,NZ,,overcast clouds
641,Bihoro,43.82,144.1,60.04,88,1,5.75,JP,,clear sky
642,Kidal,18.44,1.41,95.58,30,0,14.72,ML,,clear sky
643,Guerrero Negro,27.98,-114.06,89.26,41,0,15.73,MX,,clear sky
644,Yilan,24.76,121.75,80.6,88,75,12.75,TW,,light intensity shower rain
645,Santa Fe Do Sul,-20.21,-50.93,70.5,32,6,7.11,BR,,clear sky
646,Bar Harbor,44.39,-68.2,75.2,53,75,9.17,US,,broken clouds
647,Zhigansk,66.77,123.37,38.59,82,62,15.19,RU,,broken clouds
648,Mahebourg,-20.41,57.7,69.8,88,75,12.75,MU,,broken clouds
649,Constitucion,-35.33,-72.42,56.19,84,2,13.11,CL,,clear sky
650,Challans,46.84,-1.87,66.99,82,100,11.03,FR,,overcast clouds
651,Waspan,14.74,-83.97,91.4,66,40,3.6,NI,,scattered clouds
652,Aqtobe,50.28,57.21,57.2,67,56,4.47,KZ,,broken clouds
653,Muscat,23.61,58.59,86.0,79,96,2.24,OM,,overcast clouds
654,Port Macquarie,-31.43,152.92,52.0,50,0,13.29,AU,,clear sky
655,Vanimo,-2.67,141.3,77.99,84,28,3.87,PG,,light rain
656,Vila Velha,-20.33,-40.29,64.4,93,90,13.87,BR,,light rain
657,Sheridan,44.83,-106.92,98.01,12,1,4.7,US,,haze
658,Punta De Bombon,-17.17,-71.79,60.69,78,67,5.59,PE,,broken clouds
659,Bambous Virieux,-20.34,57.76,69.8,88,75,12.75,MU,,broken clouds
660,Gizo,-8.1,156.84,82.51,81,67,18.21,SB,,light rain
661,Yuci,37.68,112.73,68.0,82,78,2.24,CN,,mist
662,Souillac,-20.52,57.52,69.8,88,75,12.75,MU,,broken clouds
663,Klaksvik,62.23,-6.59,46.4,81,100,14.99,FO,,light rain
664,Chulym,55.1,80.96,52.54,91,100,7.54,RU,,overcast clouds
665,Mar Del Plata,-38.0,-57.56,60.8,31,0,12.75,AR,,clear sky
666,Derzhavinsk,51.1,66.32,55.89,86,60,5.79,KZ,,broken clouds
667,Aklavik,68.22,-135.01,51.8,93,90,4.7,CA,,overcast clouds
668,Opuwo,-18.06,13.84,58.3,35,0,4.41,NA,,clear sky
669,Faanui,-16.48,-151.75,77.2,78,6,22.91,PF,,clear sky
670,The Valley,18.22,-63.06,86.0,74,20,17.22,AI,,few clouds
671,Kudahuvadhoo,2.67,72.89,84.0,69,53,7.61,MV,,broken clouds
672,Hami,42.8,93.45,75.36,27,0,1.97,CN,,clear sky
673,Severo-Kurilsk,50.68,156.12,51.3,85,44,12.15,RU,,scattered clouds
674,Nanortalik,60.14,-45.24,47.62,70,8,2.46,GL,,clear sky
675,Cap-Aux-Meules,47.38,-61.86,68.0,60,20,12.75,CA,,few clouds
676,Necochea,-38.55,-58.74,59.0,42,0,11.01,AR,,clear sky
677,Alice Springs,-23.7,133.88,42.8,52,0,4.7,AU,,clear sky
678,Hilo,19.73,-155.09,84.2,66,75,4.7,US,,broken clouds
679,Plyussa,58.43,29.37,65.35,65,100,9.73,RU,,overcast clouds
680,Amahai,-3.33,128.92,76.06,85,59,4.41,ID,,light rain
681,La Ronge,55.1,-105.28,60.8,82,90,17.22,CA,,overcast clouds
682,Erenhot,43.65,111.98,65.86,70,99,2.04,CN,,overcast clouds
683,College,64.86,-147.8,72.0,49,40,10.29,US,,scattered clouds
684,Mataura,-46.19,168.86,43.0,98,98,1.01,NZ,,overcast clouds
685,Susanville,40.42,-120.65,89.01,20,1,4.7,US,,haze
686,Sept-Iles,50.2,-66.38,63.0,59,40,9.17,CA,,scattered clouds
687,Tigil,57.8,158.67,48.87,74,91,2.15,RU,,overcast clouds
688,Chuy,-33.7,-53.46,50.41,64,0,5.5,UY,,clear sky
689,Ekibastuz,51.67,75.37,58.42,68,41,12.28,KZ,,scattered clouds
690,Upernavik,72.79,-56.15,44.19,71,85,11.34,GL,,overcast clouds
691,Cape Town,-33.93,18.42,54.0,93,2,4.7,ZA,,clear sky
692,Noshiro,40.2,140.02,70.0,92,100,3.13,JP,,overcast clouds
693,Longyearbyen,78.22,15.64,42.8,67,40,5.82,SJ,,scattered clouds
694,Kodiak,57.79,-152.41,69.8,56,1,11.41,US,,clear sky
695,Reconquista,-29.15,-59.65,60.51,42,0,6.73,AR,,clear sky
696,Ponta Do Sol,32.67,-17.1,75.2,69,40,16.11,PT,,scattered clouds
697,Luderitz,-26.65,15.16,66.42,25,0,6.67,NA,,clear sky
698,Ribeira Grande,38.52,-28.7,73.4,83,75,4.7,PT,,broken clouds
699,Kuna,43.49,-116.42,84.99,37,1,6.93,US,,clear sky
700,Bogovarovo,58.98,47.02,54.18,89,0,4.41,RU,,clear sky
701,Bredasdorp,-34.53,20.04,57.2,82,7,11.41,ZA,,clear sky
702,Misratah,32.38,15.09,80.1,69,0,8.93,LY,,clear sky
703,Storslett,69.77,21.02,58.98,85,100,3.58,NO,,light rain
704,Gouyave,12.16,-61.73,87.8,74,20,14.99,GD,,few clouds
705,Airai,-8.93,125.41,57.83,46,76,3.71,TL,,broken clouds
706,Shieli,44.17,66.75,72.12,38,14,9.19,KZ,,few clouds
707,Kahului,20.89,-156.47,84.2,62,40,17.22,US,,scattered clouds
708,Pangody,65.85,74.49,54.25,86,100,13.27,RU,,overcast clouds
709,Dikson,73.51,80.55,47.88,76,94,8.23,RU,,overcast clouds
710,Kholm,59.27,32.85,59.9,75,99,8.16,RU,,overcast clouds
711,Ariquemes,-9.91,-63.04,85.69,29,0,4.83,BR,,clear sky
712,Kaitangata,-46.28,169.85,51.01,76,61,5.01,NZ,,broken clouds
713,Xam Nua,20.42,104.04,65.66,95,100,1.66,LA,,overcast clouds
714,Narsaq,60.92,-46.05,53.6,62,20,8.05,GL,,few clouds
715,Barrow,71.29,-156.79,42.8,87,90,23.04,US,,overcast clouds
716,Boda,4.32,17.47,69.51,95,100,2.98,CF,,overcast clouds
717,Praia Da Vitoria,38.73,-27.07,75.2,73,20,4.23,PT,,few clouds
718,Hithadhoo,-0.6,73.08,82.72,81,12,14.76,MV,,few clouds
719,Christchurch,-43.53,172.63,52.0,100,100,8.05,NZ,,light rain
720,Hailar,49.2,119.7,59.97,93,100,6.08,CN,,overcast clouds
721,Nizhniy Kuranakh,58.84,125.49,44.42,84,37,1.41,RU,,scattered clouds
722,Torbay,47.67,-52.73,70.0,49,20,9.17,CA,,few clouds
723,Seymchan,62.88,152.43,40.32,70,100,13.09,RU,,overcast clouds
724,Georgetown,5.41,100.34,80.6,94,40,2.24,MY,,scattered clouds
725,Talnakh,69.49,88.4,57.2,62,41,11.18,RU,,scattered clouds
726,Strezhevoy,60.73,77.59,44.6,93,90,2.24,RU,,fog
727,Lethem,3.38,-59.8,81.41,65,94,2.64,GY,,overcast clouds
728,Hanzhong,33.07,107.03,69.33,89,67,2.44,CN,,broken clouds
729,Umm Lajj,25.02,37.27,83.46,67,0,5.73,SA,,clear sky
730,Berbera,10.44,45.01,91.58,44,3,18.84,SO,,clear sky
731,Bethel,41.37,-73.41,89.01,35,1,11.41,US,,clear sky
732,Scarborough,54.28,-0.4,57.99,92,100,1.99,GB,,light rain
733,Linkou,45.3,130.28,55.47,82,100,3.06,CN,,overcast clouds
734,Kendari,-3.94,122.5,70.3,94,100,2.33,ID,,overcast clouds
735,Waipawa,-41.41,175.52,50.0,87,100,3.36,NZ,,overcast clouds
736,Valparaiso,-33.04,-71.63,52.0,100,90,13.87,CL,,light intensity drizzle
737,Hede,33.77,120.25,73.27,93,0,1.66,CN,,clear sky
738,Prince Rupert,54.32,-130.32,59.0,82,75,13.87,CA,,broken clouds
739,Vila Franca Do Campo,37.72,-25.43,73.4,88,20,4.7,PT,,few clouds
740,Carnarvon,-24.87,113.63,64.4,82,100,11.41,AU,,overcast clouds
741,Majene,-3.54,118.97,75.99,82,33,8.75,ID,,scattered clouds
742,Santiago,-33.46,-70.65,71.6,30,0,6.93,CL,,clear sky
743,High Level,58.52,-117.14,57.2,93,90,12.75,CA,,overcast clouds
744,Centralia,46.72,-122.95,71.6,60,20,5.82,US,,few clouds
745,San Pedro,14.35,121.02,80.6,88,100,4.7,PH,,overcast clouds
746,Dawson Creek,55.77,-120.24,59.0,58,20,24.16,CA,,few clouds
747,Mount Isa,-20.73,139.5,55.4,49,6,10.29,AU,,clear sky
748,Nishihara,26.18,127.76,78.8,94,75,5.82,JP,,shower rain
749,Banda Aceh,5.56,95.32,78.57,79,94,6.51,ID,,overcast clouds
750,Bengkulu,-3.8,102.27,75.38,88,53,4.38,ID,,broken clouds
751,Hasaki,35.73,140.83,77.0,94,75,8.05,JP,,mist
752,Thompson,55.74,-97.86,50.0,76,75,10.29,CA,,broken clouds
753,Pangai,-19.8,-174.35,77.99,86,15,13.58,TO,,few clouds
754,Brae,60.4,-1.35,53.6,100,99,6.93,GB,,overcast clouds
755,Frontera,26.93,-101.45,98.6,17,75,9.17,MX,,broken clouds
756,Sultanpur,26.27,82.07,79.56,84,26,5.26,IN,,scattered clouds
757,Malakal,9.53,31.66,74.46,84,7,3.11,SS,,clear sky
758,Umm Kaddadah,13.6,26.69,86.59,52,17,15.86,SD,,light rain
759,Portland,45.52,-122.68,77.0,53,75,8.05,US,,broken clouds
760,San Andres,12.58,-81.7,84.2,79,75,3.36,CO,,broken clouds
761,Sur,22.57,59.53,81.5,74,100,10.76,OM,,overcast clouds
762,Olafsvik,64.89,-23.71,51.1,67,24,7.49,IS,,few clouds
763,Taoudenni,22.68,-3.98,107.58,7,45,11.68,ML,,scattered clouds
764,Batabano,22.72,-82.29,89.6,66,40,6.93,CU,,scattered clouds
765,Rio Tercero,-32.17,-64.11,64.0,18,0,3.0,AR,,clear sky
766,Bridlington,54.08,-0.19,60.8,77,98,8.05,GB,,light rain
767,Hualmay,-11.1,-77.61,64.96,70,16,9.22,PE,,few clouds
768,Margate,51.38,1.39,66.0,77,38,5.01,GB,,scattered clouds
769,Envira,-7.3,-70.22,71.82,52,7,4.79,BR,,clear sky
770,Charters Towers,-20.1,146.27,51.6,47,40,10.74,AU,,scattered clouds
771,Coquimbo,-29.95,-71.34,51.8,87,90,8.05,CL,,overcast clouds
772,Belmonte,-15.86,-38.88,71.6,83,75,4.7,BR,,light intensity drizzle
773,Avera,33.19,-82.53,80.6,83,40,6.93,US,,scattered clouds
774,Vaini,-21.2,-175.2,77.0,83,20,10.29,TO,,few clouds
775,Wanxian,30.8,108.39,76.82,77,14,3.76,CN,,light rain
776,Port Elizabeth,-33.92,25.57,55.4,76,0,2.24,ZA,,clear sky
777,Bereda,43.27,-7.54,62.01,88,9,3.0,ES,,clear sky
778,Port-Cartier,50.03,-66.87,62.01,59,40,9.17,CA,,scattered clouds
779,Inuvik,68.35,-133.72,60.8,72,20,5.82,CA,,few clouds
780,Saint-Augustin,51.23,-58.65,64.8,62,96,4.07,CA,,overcast clouds
781,Ormara,25.21,64.64,83.66,85,100,12.57,PK,,overcast clouds
782,Victoria,22.29,114.16,82.0,78,13,3.0,HK,,few clouds
783,Lufilufi,-13.87,-171.6,86.0,74,40,9.17,WS,,scattered clouds
784,Ust-Nera,64.57,143.2,39.69,70,100,5.3,RU,,overcast clouds
785,Port Blair,11.67,92.75,82.15,79,100,10.76,IN,,overcast clouds
786,Touros,-5.2,-35.46,78.8,74,40,11.41,BR,,scattered clouds
787,Corby,52.5,-0.69,61.0,74,78,11.01,GB,,broken clouds
788,Dayong,25.02,118.29,78.8,100,90,4.47,CN,,overcast clouds
789,Naze,28.37,129.48,84.2,83,75,3.36,JP,,broken clouds
790,Gat,31.61,34.76,80.01,36,0,0.63,IL,,clear sky
791,Ambanja,-13.68,48.45,71.35,82,81,1.19,MG,,light rain
792,Pochutla,15.74,-96.47,88.0,62,40,6.93,MX,,scattered clouds
793,Nikolskoye,59.7,30.79,64.4,68,96,6.71,RU,,overcast clouds
794,Mahajanga,-15.72,46.32,71.6,88,20,3.36,MG,,few clouds
795,Lasa,46.62,10.7,60.01,100,5,4.7,IT,,clear sky
796,Batagay-Alyta,67.8,130.41,35.46,84,96,1.1,RU,,overcast clouds
797,Maumere,-8.62,122.21,75.61,75,51,3.74,ID,,broken clouds
798,Teahupoo,-17.83,-149.27,80.6,65,40,2.24,PF,,scattered clouds
799,Bristol,41.83,-71.17,78.01,83,90,5.82,US,,moderate rain
800,Santiago Del Estero,-27.8,-64.26,69.46,21,0,14.36,AR,,clear sky
801,Lata,40.16,-8.33,66.0,77,0,4.0,PT,,clear sky
802,Upata,8.01,-62.4,91.0,63,4,1.01,VE,,clear sky
803,Maningrida,-12.07,134.27,62.13,76,0,8.5,AU,,clear sky
804,Ray,23.68,85.05,77.23,85,100,1.97,IN,,light rain
805,Lazaro Cardenas,17.96,-102.2,85.06,71,0,7.2,MX,,clear sky
806,Te Anau,-45.42,167.72,42.91,86,100,1.28,NZ,,overcast clouds
807,Komnina,40.6,21.78,79.0,60,0,3.36,GR,,clear sky
808,At-Bashi,41.17,75.81,53.74,42,0,2.01,KG,,clear sky
809,Cidreira,-30.18,-50.21,54.07,70,0,5.79,BR,,clear sky
810,Lavrentiya,65.58,-171.0,46.42,95,100,6.85,RU,,light rain
811,Jinji,23.23,110.83,77.4,90,22,2.35,CN,,few clouds
812,Ongandjera,-17.88,15.07,66.6,24,6,7.49,NA,,clear sky
813,Trelew,-43.25,-65.31,66.61,26,0,4.25,AR,,clear sky
814,Limoges,45.75,1.33,63.0,72,67,4.7,FR,,broken clouds
815,Santa Cruz,-17.8,-63.17,68.0,37,75,4.7,BO,,broken clouds
816,Roald,62.58,6.13,59.0,82,100,16.11,NO,,light rain
817,Provideniya,64.38,-173.3,50.5,87,100,5.3,RU,,light rain
818,Qaqortoq,60.72,-46.03,53.6,62,20,8.05,GL,,few clouds
819,Weymouth,42.22,-70.94,78.8,94,69,4.7,US,,moderate rain
820,Winnemucca,40.97,-117.74,91.4,8,1,11.41,US,,haze
821,Teya,60.38,92.63,51.71,91,100,2.91,RU,,overcast clouds
822,Khatanga,71.97,102.5,47.71,76,0,7.2,RU,,clear sky
823,Pudozh,61.81,36.53,58.44,80,91,4.97,RU,,overcast clouds
824,Kavaratti,10.57,72.64,82.47,77,59,10.63,IN,,light rain
825,De-Kastri,51.47,140.78,60.84,91,96,2.8,RU,,overcast clouds
826,Truro,50.27,-5.05,60.8,87,4,17.22,GB,,light intensity drizzle
827,Predivinsk,57.07,93.44,50.41,94,8,4.12,RU,,clear sky
828,Punta De Piedra,7.62,-71.49,81.01,72,63,4.18,VE,,broken clouds
829,Iwanai,42.97,140.51,59.13,86,3,4.18,JP,,clear sky
830,Tazovskiy,67.47,78.7,53.11,81,100,9.89,RU,,overcast clouds
831,Geraldton,-28.77,114.6,59.0,87,90,1.12,AU,,overcast clouds
832,Bandarbeyla,9.49,50.81,76.39,76,55,31.68,SO,,broken clouds
833,Nador,35.17,-2.93,82.4,65,0,4.7,MA,,clear sky
834,Los Llanos De Aridane,28.66,-17.92,75.2,83,6,14.99,ES,,clear sky
835,Cabedelo,-6.98,-34.83,77.0,83,40,9.17,BR,,scattered clouds
836,Challapata,-18.9,-66.77,53.76,30,6,10.13,BO,,clear sky
837,Nerchinskiy Zavod,51.31,119.61,53.49,94,100,4.07,RU,,light rain
838,Nalut,30.33,10.85,83.16,20,0,13.4,LY,,clear sky
839,Dalbandin,28.89,64.41,89.85,42,99,15.97,PK,,overcast clouds
840,Henties Bay,-22.12,14.28,72.0,20,0,7.43,NA,,clear sky
841,Gornyy,55.12,83.91,51.44,91,93,6.08,RU,,overcast clouds
842,Ugoofaaru,5.67,73.0,83.39,69,0,5.06,MV,,clear sky
843,Jalu,29.03,21.55,81.82,49,0,16.17,LY,,clear sky
844,Quatre Cocos,-20.21,57.76,69.8,88,75,12.75,MU,,broken clouds
845,Fountain,38.68,-104.7,95.0,6,20,8.81,US,,few clouds
846,Lagoa,39.05,-27.98,72.55,80,70,10.18,PT,,broken clouds
847,Monrovia,6.3,-10.8,77.0,94,75,10.8,LR,,light rain
848,Werda,-25.27,23.28,55.67,49,0,10.27,BW,,clear sky
849,Tiznit,29.58,-9.5,91.18,25,72,1.48,MA,,light rain
850,Nianzishan,47.52,122.88,58.42,67,100,4.12,CN,,overcast clouds
851,Tamahu,15.33,-90.17,70.3,92,97,0.58,GT,,moderate rain
852,Salalah,17.02,54.09,77.0,100,90,3.36,OM,,drizzle
853,Atherton,53.52,-2.49,60.01,98,100,4.0,GB,,moderate rain
854,Pevek,69.7,170.31,38.21,98,100,4.52,RU,,light rain
855,Cortez,37.35,-108.59,95.0,14,1,8.05,US,,clear sky
856,Emerald,-23.53,148.17,48.99,56,0,4.7,AU,,clear sky
857,Poya,-21.35,165.15,70.92,77,20,3.69,NC,,few clouds
858,Gorontalo,0.54,123.06,75.69,89,83,5.84,ID,,broken clouds
859,Cayenne,4.93,-52.33,87.8,58,4,1.12,GF,,clear sky
860,Aykhal,66.0,111.5,42.8,75,7,6.71,RU,,clear sky
861,Xining,36.62,101.77,56.37,83,100,0.58,CN,,light rain
862,Hambantota,6.12,81.12,78.8,100,40,4.7,LK,,scattered clouds
863,Bathsheba,13.22,-59.52,86.0,70,20,11.41,BB,,few clouds
864,Shingu,33.73,135.98,74.8,87,94,4.72,JP,,overcast clouds
865,Sao Filipe,14.9,-24.5,79.18,79,30,1.72,CV,,scattered clouds
866,Srostki,52.42,85.7,56.34,68,100,5.06,RU,,overcast clouds
867,Soyo,-6.13,12.37,73.87,86,4,5.3,AO,,clear sky
868,Lerwick,60.15,-1.15,53.6,100,90,6.93,GB,,overcast clouds
869,Jinchang,38.5,102.17,60.62,77,100,7.49,CN,,light rain
870,Broome,42.25,-75.83,84.0,44,20,3.36,US,,few clouds
871,Cabo San Lucas,22.89,-109.91,89.6,55,5,9.17,MX,,clear sky
872,Briceni,48.36,27.7,64.99,74,0,6.85,MD,,clear sky
873,Palaikastron,35.2,26.25,82.0,41,0,15.99,GR,,clear sky
874,Komsomolskiy,40.43,71.72,71.6,46,0,6.93,UZ,,clear sky
875,Biak,-0.91,122.88,75.96,81,75,7.99,ID,,broken clouds
876,Zhezkazgan,47.8,67.71,60.06,52,100,4.61,KZ,,overcast clouds
877,Acarau,-2.89,-40.12,78.8,73,4,16.44,BR,,clear sky
878,Vao,-22.67,167.48,71.44,83,48,14.25,NC,,light rain
879,Savino,56.59,41.22,54.21,80,0,2.28,RU,,clear sky
880,Tuktoyaktuk,69.45,-133.04,57.2,76,20,10.29,CA,,few clouds
881,Batemans Bay,-35.72,150.18,37.0,72,22,8.99,AU,,few clouds
882,Tyukhtet,56.54,89.3,49.03,97,5,5.46,RU,,clear sky
883,Ketchikan,55.34,-131.65,59.0,93,90,13.87,US,,light rain
884,Kloulklubed,7.04,134.26,75.2,94,75,2.89,PW,,broken clouds
885,Tucuman,-26.82,-65.22,69.8,18,0,16.11,AR,,smoke
886,Tigzirt,36.89,4.12,75.72,79,9,1.54,DZ,,clear sky
887,Padilla,3.22,-76.31,82.4,61,40,2.24,CO,,scattered clouds
888,Nambucca Heads,-30.65,153.0,53.01,70,0,5.82,AU,,clear sky
889,Berlevag,70.86,29.09,59.94,75,74,18.68,NO,,broken clouds
890,Chumikan,54.72,135.31,54.54,82,95,4.56,RU,,overcast clouds
891,Khovu-Aksy,51.13,93.6,45.5,75,0,2.46,RU,,clear sky
892,Labuhan,-6.88,112.21,76.03,85,3,7.52,ID,,clear sky
893,Ceres,37.59,-120.96,84.2,45,1,3.98,US,,haze
894,Agirish,61.92,63.02,48.61,94,34,5.88,RU,,scattered clouds
895,Haines Junction,60.75,-137.51,63.99,69,100,1.1,CA,,overcast clouds
896,North Myrtle Beach,33.82,-78.68,84.0,74,1,9.17,US,,light rain
897,Baykit,61.67,96.37,57.54,87,100,0.78,RU,,light rain
898,Villingen-Schwenningen,48.07,8.45,61.0,88,8,3.42,DE,,clear sky
899,Santa Isabel,-23.32,-46.22,59.0,81,90,8.05,BR,,overcast clouds
900,Okakarara,-20.58,17.43,55.47,39,0,6.31,NA,,clear sky
901,Tutoia,-2.76,-42.27,78.6,86,12,12.64,BR,,few clouds
902,Turukhansk,65.82,87.98,55.83,94,100,4.07,RU,,light rain
903,Giyon,8.53,37.98,57.87,84,35,1.59,ET,,scattered clouds
904,Prattville,32.46,-86.46,87.01,58,40,6.89,US,,scattered clouds
905,Shenjiamen,29.96,122.3,79.74,86,0,5.91,CN,,clear sky
906,Alenquer,-1.94,-54.74,91.4,55,20,4.7,BR,,few clouds
907,Bara,10.37,10.73,76.1,84,97,5.1,NG,,overcast clouds
908,Falmouth,50.15,-5.07,60.8,82,3,19.46,GB,,clear sky
909,Makakilo City,21.35,-158.09,86.0,48,20,10.29,US,,few clouds
910,Kuching,1.55,110.33,75.0,100,40,3.36,MY,,light rain
911,Northampton,40.88,-75.25,89.01,67,0,1.01,US,,clear sky
912,Carutapera,-1.2,-46.02,80.19,79,2,8.97,BR,,clear sky
913,Hamilton,39.18,-84.53,81.0,73,1,5.82,US,,light rain
914,Verkhnevilyuysk,63.45,120.32,38.62,80,0,2.64,RU,,clear sky
915,Sokolo,14.73,-6.12,78.49,79,100,11.43,ML,,light rain
916,Kavieng,-2.57,150.8,82.2,71,1,1.72,PG,,clear sky
917,Saint George,37.1,-113.58,102.99,29,1,6.93,US,,clear sky
918,Zhanaozen,43.3,52.8,71.17,44,84,27.65,KZ,,broken clouds
919,Palauig,15.44,119.9,81.34,74,100,6.69,PH,,overcast clouds
920,Nieuw Nickerie,5.95,-56.98,84.09,71,5,9.13,SR,,clear sky
921,Cap Malheureux,-19.98,57.61,69.01,76,3,1.99,MU,,clear sky
922,Padang,-0.95,100.35,77.88,78,100,3.22,ID,,light rain
923,Grand Gaube,-20.01,57.66,69.01,76,2,1.99,MU,,light rain
924,Pinhao,-25.7,-51.66,48.51,76,50,5.46,BR,,scattered clouds
925,Penzance,50.12,-5.54,60.8,82,7,19.46,GB,,clear sky
926,Pathum Thani,14.01,100.53,86.0,94,40,6.02,TH,,scattered clouds
927,Khandyga,62.67,135.6,40.33,70,0,5.93,RU,,clear sky
928,Yulara,-25.24,130.99,48.2,45,0,6.93,AU,,clear sky
929,Mehamn,71.04,27.85,59.79,76,68,14.94,NO,,broken clouds
930,Dreux,48.67,1.25,68.0,60,100,13.87,FR,,overcast clouds
931,Adrar,20.5,-10.07,102.99,8,28,6.53,MR,,scattered clouds
932,Vitim,59.45,112.56,52.57,75,100,6.53,RU,,overcast clouds
933,Usinsk,65.99,57.53,46.94,91,57,8.25,RU,,broken clouds
934,Les Cayes,18.2,-73.75,87.31,68,71,5.59,HT,,light rain
935,Kushiro,42.98,144.37,64.11,91,99,4.79,JP,,overcast clouds
936,Japura,-0.32,102.35,74.17,96,100,1.99,ID,,light rain
937,Atasu,48.68,71.64,54.43,67,98,1.54,KZ,,overcast clouds
938,Llanes,43.42,-4.75,66.99,93,44,1.01,ES,,scattered clouds
939,Palmas,-10.21,-48.36,95.0,32,75,4.7,BR,,broken clouds
940,Richards Bay,-28.78,32.04,65.08,70,0,13.18,ZA,,clear sky
941,Saint-Francois,46.42,3.91,71.6,53,91,4.7,FR,,overcast clouds
942,Tilichiki,60.47,166.1,49.41,84,93,2.39,RU,,overcast clouds
943,Mandalgovi,45.76,106.27,59.2,49,99,4.79,MN,,overcast clouds
944,Thinadhoo,0.53,72.93,83.14,75,26,6.49,MV,,light rain
945,Kaoma,-14.78,24.8,66.96,45,0,10.71,ZM,,clear sky
946,North Bend,43.41,-124.22,82.0,72,1,19.46,US,,clear sky
947,Popondetta,-8.75,148.25,74.79,88,3,1.86,PG,,clear sky
948,Sao Luiz Gonzaga,-28.41,-54.96,54.03,79,0,6.85,BR,,clear sky
949,Sinnamary,5.38,-52.95,82.42,74,24,8.05,GF,,light rain
950,Tabuk,17.42,121.44,73.89,86,99,2.59,PH,,overcast clouds
951,Gamba,-2.65,10.0,73.27,84,47,6.44,GA,,scattered clouds
952,Muisne,0.6,-80.03,80.6,78,75,10.29,EC,,broken clouds
953,Ler,8.3,30.14,73.96,87,0,2.51,SS,,clear sky
954,Cedar City,37.68,-113.06,91.4,16,1,8.37,US,,clear sky
955,Acara,-1.96,-48.2,81.37,68,66,3.8,BR,,broken clouds
956,Cordoba,-31.41,-64.18,66.99,16,0,20.8,AR,,clear sky
957,Bam,29.11,58.36,93.29,24,65,10.13,IR,,broken clouds
958,Narrabri,-30.32,149.78,34.0,80,0,8.05,AU,,clear sky
959,Igarka,67.47,86.58,54.45,79,100,6.22,RU,,overcast clouds
960,Safford,32.83,-109.71,98.6,29,1,16.11,US,,clear sky
961,Kenai,60.55,-151.26,66.2,67,20,6.93,US,,few clouds
962,Coffs Harbour,-30.3,153.13,46.99,70,0,5.82,AU,,clear sky
963,Vieux-Habitants,16.06,-61.77,84.2,74,20,10.29,GP,,few clouds
964,Nantucket,41.28,-70.1,77.0,78,1,9.17,US,,clear sky
965,The Pas,53.83,-101.25,59.0,82,90,11.88,CA,,overcast clouds
966,Deputatskiy,69.3,139.9,31.86,98,96,1.16,RU,,overcast clouds
967,Ambilobe,-13.2,49.05,68.52,65,61,6.98,MG,,broken clouds
968,Ilulissat,69.22,-51.1,44.6,65,0,4.7,GL,,clear sky
969,Aktau,43.65,51.2,66.2,68,40,11.18,KZ,,light intensity shower rain
970,Turtas,58.94,69.13,47.01,94,8,4.27,RU,,clear sky
971,Penzberg,47.75,11.38,60.01,98,38,2.55,DE,,light rain
972,Beira,-19.84,34.84,69.8,73,0,6.93,MZ,,clear sky
973,Ostrovnoy,68.05,39.51,59.38,74,0,16.73,RU,,clear sky
974,Hofn,64.25,-15.21,50.22,73,55,3.85,IS,,broken clouds
975,Sartell,45.62,-94.21,86.0,65,1,9.17,US,,clear sky
976,Salme,28.04,85.09,69.8,94,75,3.36,NP,,broken clouds
977,Sume,-7.67,-36.88,79.56,42,30,15.82,BR,,scattered clouds
978,Wana,32.3,69.57,76.62,66,4,3.38,PK,,clear sky
979,Maniitsoq,65.42,-52.9,49.53,80,42,10.69,GL,,scattered clouds
980,Luba,3.46,8.55,77.02,83,85,9.86,GQ,,overcast clouds
981,Seoul,37.57,126.98,71.6,94,75,2.01,KR,,broken clouds
982,Kuytun,54.34,101.5,53.83,92,100,12.17,RU,,overcast clouds
983,Torres,-29.34,-49.73,52.57,74,0,2.59,BR,,clear sky
984,Surgut,61.25,73.42,51.8,100,40,4.47,RU,,light intensity shower rain
985,Saint-Pierre,-21.34,55.48,66.2,63,0,5.82,RE,,clear sky
986,Bandarban,22.2,92.23,73.98,95,96,2.62,BD,,light rain
987,Birin,26.89,88.07,61.9,100,41,3.33,NP,,light rain
988,Lopsmarka,67.31,14.45,59.0,93,75,9.17,NO,,light intensity shower rain
989,Cabo Rojo,18.09,-67.15,78.01,95,100,5.99,PR,,heavy intensity rain
990,Urumqi,43.8,87.6,73.4,33,67,11.18,CN,,broken clouds
991,Synya,65.37,58.04,45.55,95,20,3.76,RU,,few clouds
992,Sambava,-14.27,50.17,69.35,79,26,12.64,MG,,scattered clouds
993,Sisimiut,66.94,-53.67,51.37,68,74,8.25,GL,,broken clouds
994,Atyrau,47.12,51.88,66.2,42,100,17.9,KZ,,overcast clouds
995,Moindou,-21.69,165.68,66.2,93,90,4.27,NC,,drizzle
996,Camopi,3.17,-52.32,84.16,56,85,2.71,GF,,overcast clouds
997,Dudinka,69.41,86.18,57.2,62,13,11.18,RU,,few clouds
998,Xichang,27.9,102.26,64.06,79,1,1.74,CN,,clear sky
999,Esperance,-33.87,121.9,51.8,81,75,12.75,AU,,broken clouds
1000,Koath,25.32,84.27,81.73,82,68,3.22,IN,,moderate rain
1001,Kaminoyama,38.15,140.27,77.0,83,75,4.7,JP,,broken clouds
1002,Bonthe,7.53,-12.51,75.76,93,100,7.76,SL,,light rain
1003,Ziarat,30.38,67.73,64.22,81,1,1.7,PK,,clear sky
1004,Mana,5.66,-53.78,83.01,72,12,8.14,GF,,light rain
1005,Broken Hill,-31.95,141.43,41.0,80,3,11.41,AU,,clear sky
1006,Leningradskiy,69.38,178.42,47.82,80,3,4.25,RU,,clear sky
1007,San Jeronimo,-11.95,-75.28,62.98,38,78,7.45,PE,,broken clouds
1008,Erzin,36.96,36.2,84.0,33,0,5.99,TR,,clear sky
1009,Gravdal,68.12,13.5,56.93,92,100,13.24,NO,,light rain
1010,Luena,-11.78,19.92,68.97,35,73,3.76,AO,,broken clouds
1011,Parabel,58.7,81.48,51.15,96,58,6.22,RU,,broken clouds
1012,Tiksi,71.69,128.87,40.24,91,100,4.36,RU,,light rain
1013,Nicoya,10.15,-85.45,80.6,88,40,6.93,CR,,shower rain
1014,Lokosovo,61.13,74.82,47.03,94,20,4.63,RU,,few clouds
1015,Nabire,-3.37,135.48,73.35,91,66,3.98,ID,,moderate rain
1016,Barranca,-10.75,-77.77,63.77,74,31,8.93,PE,,scattered clouds
1017,Alofi,-19.06,-169.92,77.0,83,75,12.75,NU,,broken clouds
1018,Nhulunbuy,-12.23,136.77,73.4,64,0,10.29,AU,,clear sky
1019,Qarqin,37.42,66.04,79.68,17,0,6.22,AF,,clear sky
1020,Dosso,13.05,3.19,80.76,72,69,7.45,NE,,light rain
1021,Bachaquero,9.97,-71.15,87.19,62,31,3.06,VE,,scattered clouds
1022,Yokadouma,3.52,15.05,71.1,95,100,0.78,CM,,overcast clouds
1023,Noyabrsk,63.2,75.45,46.8,93,44,4.59,RU,,scattered clouds
1024,Pinotepa Nacional,16.32,-98.02,85.91,68,69,8.1,MX,,moderate rain
1025,Hervey Bay,-25.3,152.85,55.0,43,0,3.36,AU,,clear sky
1026,Okato,-39.2,173.88,52.0,91,78,8.99,NZ,,broken clouds
1027,Abancay,-13.63,-72.88,69.03,38,51,7.7,PE,,broken clouds
1028,Tocopilla,-22.09,-70.2,65.1,52,20,5.1,CL,,few clouds
1029,Port Hedland,-20.32,118.57,62.6,39,0,9.17,AU,,clear sky
1030,Laguna,38.42,-121.42,96.01,40,20,2.86,US,,haze
1031,Russell,32.35,-85.2,89.6,52,75,5.12,US,,broken clouds
1032,Kalmunai,7.42,81.82,80.38,75,40,12.66,LK,,scattered clouds
1033,Clyde River,70.47,-68.59,50.76,69,97,7.63,CA,,overcast clouds
1034,Nieuw Amsterdam,5.88,-55.08,84.2,70,20,11.41,SR,,few clouds
1035,Sulecin,52.44,15.12,66.99,100,17,6.93,PL,,few clouds
1036,Carbonia,39.17,8.52,80.6,88,5,16.11,IT,,clear sky
1037,Haldwani,29.22,79.52,76.24,81,17,5.59,IN,,few clouds
1038,Mnogovershinnyy,53.94,139.92,51.4,88,69,0.76,RU,,broken clouds
1039,Mokhsogollokh,61.47,128.92,39.47,76,0,4.29,RU,,clear sky
1040,Amapa,1.0,-52.0,87.04,56,64,2.44,BR,,broken clouds
1041,Matara,5.95,80.54,78.48,87,100,5.32,LK,,light rain
1042,Sefton,-43.25,172.67,52.0,100,100,8.05,NZ,,light rain
1043,Iqaluit,63.75,-68.51,48.2,70,20,9.17,CA,,few clouds
1044,Meulaboh,4.14,96.13,74.43,88,86,4.68,ID,,overcast clouds
1045,Ternate,0.8,127.4,80.06,78,75,6.22,ID,,broken clouds
1046,Vostok,46.49,135.88,52.05,89,100,3.15,RU,,overcast clouds
1047,Coronel Vivida,-25.98,-52.57,51.75,80,3,1.74,BR,,clear sky
1048,Takoradi,4.88,-1.76,75.09,90,14,6.58,GH,,few clouds
1049,Ndjole,-0.18,10.76,78.6,71,100,5.79,GA,,overcast clouds
1050,Stornoway,58.21,-6.39,52.0,93,86,9.17,GB,,overcast clouds
1051,Beringovskiy,63.05,179.32,53.64,84,81,8.03,RU,,broken clouds
1052,Caloundra,-26.8,153.13,46.99,56,0,1.01,AU,,clear sky
1053,Basco,20.45,121.97,83.79,78,100,23.89,PH,,overcast clouds
1054,Ishigaki,24.34,124.16,83.39,81,100,28.19,JP,,moderate rain
1055,Coos Bay,43.37,-124.22,82.0,72,1,19.46,US,,clear sky
1056,Mvomero,-6.25,38.67,70.25,79,67,3.0,TZ,,broken clouds
1057,Bellary,15.15,76.93,75.61,80,99,12.3,IN,,overcast clouds
1058,Forestville,38.85,-76.88,84.99,65,20,9.17,US,,few clouds
1059,Camana,-16.62,-72.71,62.13,74,63,5.48,PE,,broken clouds
1060,Mitsamiouli,-11.38,43.28,76.77,73,33,3.0,KM,,scattered clouds
1061,Adwa,14.16,38.9,62.49,87,7,1.14,ET,,light rain
1062,Anadyr,64.75,177.48,51.8,93,75,11.18,RU,,broken clouds
1063,Shetpe,44.17,52.12,62.92,63,95,22.57,KZ,,overcast clouds
1064,Iranshahr,27.2,60.68,91.4,49,15,9.17,IR,,few clouds
1065,Kaseda,31.42,130.32,80.26,81,22,3.47,JP,,few clouds
1066,Half Moon Bay,37.46,-122.43,90.0,77,20,10.29,US,,few clouds
1067,Buin,-33.73,-70.75,71.6,30,0,6.93,CL,,clear sky
1068,Shasta Lake,40.68,-122.37,93.99,28,90,3.36,US,,haze
1069,Morondava,-20.28,44.28,71.94,61,0,9.37,MG,,clear sky
1070,Pasco,28.29,-82.42,87.01,81,100,4.83,US,,moderate rain
1071,Fengzhen,40.44,113.15,62.82,83,99,3.71,CN,,light rain
1072,Falam,22.92,93.68,61.83,100,100,3.36,MM,,overcast clouds
1073,Liverpool,53.41,-2.98,61.0,87,40,10.29,GB,,shower rain
1074,Chirongui,-12.93,45.15,71.6,88,38,2.24,YT,,scattered clouds
1075,Pisco,-13.7,-76.22,64.4,77,40,10.29,PE,,scattered clouds
1076,Sorland,67.67,12.69,56.35,93,100,18.61,NO,,overcast clouds
1077,Mao,39.89,4.27,77.0,83,0,11.41,ES,,clear sky
1078,Golcuv Jenikov,49.82,15.48,66.2,88,75,4.7,CZ,,broken clouds
1079,San Cristobal,7.77,-72.22,93.2,36,40,24.16,VE,,scattered clouds
1080,Ust-Maya,60.42,134.53,41.95,66,0,2.57,RU,,clear sky
1081,Grindavik,63.84,-22.43,51.8,81,0,10.29,IS,,clear sky
1082,Goundam,16.41,-3.67,86.56,54,96,17.81,ML,,overcast clouds
1083,Jumla,29.27,82.18,58.6,69,27,1.77,NP,,scattered clouds
1084,San Ramon De La Nueva Oran,-23.13,-64.33,71.01,24,98,1.01,AR,,overcast clouds
1085,Januaria,-15.48,-44.37,83.62,41,65,7.0,BR,,light rain
1086,Ngunguru,-35.62,174.5,54.0,3,13,8.12,NZ,,few clouds
1087,Egvekinot,66.32,-179.17,48.31,91,100,10.83,RU,,light rain
1088,Canico,32.63,-16.85,75.2,69,40,16.11,PT,,scattered clouds
1089,Fairbanks,64.84,-147.72,72.0,43,1,4.7,US,,clear sky
1090,Cobija,-11.03,-68.77,72.55,44,42,5.21,BO,,scattered clouds
1091,Yambio,4.57,28.4,68.88,95,56,1.36,SS,,broken clouds
1092,Road Town,18.42,-64.62,82.4,78,40,23.04,VG,,scattered clouds
1093,Mandera,3.94,41.87,80.69,52,100,20.4,KE,,overcast clouds
1094,Rundu,-17.93,19.77,63.25,40,0,6.58,NA,,clear sky
1095,Saint-Leu,-21.15,55.28,69.8,63,2,5.82,RE,,clear sky
1096,Porto Santo,33.07,-16.34,73.4,73,40,12.75,PT,,scattered clouds
1097,Malvern,34.36,-92.81,91.0,57,20,2.98,US,,few clouds
1098,Taltal,-25.4,-70.48,58.53,62,45,3.02,CL,,scattered clouds
1099,Neiafu,-18.65,-173.98,80.6,83,40,11.41,TO,,scattered clouds
1100,Pemba,-12.97,40.52,75.2,78,75,18.34,MZ,,broken clouds
1101,Veroia,40.52,22.2,79.0,60,0,3.11,GR,,clear sky
1102,Codrington,-38.27,141.97,46.83,81,34,16.42,AU,,light rain
1103,Jiuquan,39.74,98.52,68.22,41,92,8.28,CN,,overcast clouds
1104,Upington,-28.45,21.26,59.0,16,0,8.05,ZA,,clear sky
1105,Alta Floresta,-9.88,-56.09,93.9,19,0,2.84,BR,,clear sky
1106,Boa Vista,2.82,-60.67,89.6,52,75,14.99,BR,,broken clouds
1107,Carauari,-4.88,-66.9,85.17,40,0,2.64,BR,,clear sky
1108,Victor Harbor,-35.57,138.62,46.0,91,56,12.28,AU,,light rain
1109,Tucupita,9.06,-62.05,87.96,66,32,2.39,VE,,light rain
1110,Talas,38.69,35.55,60.8,59,0,2.24,TR,,clear sky
1111,Sistranda,63.73,8.83,59.0,93,75,4.7,NO,,broken clouds
1112,Fostoria,41.16,-83.42,89.01,55,0,7.0,US,,clear sky
1113,Szczecinek,53.71,16.7,66.99,90,55,1.61,PL,,broken clouds
1114,Great Falls,47.5,-111.3,87.8,22,1,17.22,US,,clear sky
1115,Rawson,-43.3,-65.1,64.2,29,0,5.21,AR,,clear sky
1116,Fort Nelson,58.81,-122.7,64.4,68,75,9.17,CA,,broken clouds
1117,Sakakah,29.97,40.21,86.0,20,0,10.29,SA,,clear sky
1118,Kabin Buri,13.95,101.72,76.3,93,99,1.39,TH,,overcast clouds
1119,Dubreka,9.79,-13.52,76.05,90,89,2.1,GN,,overcast clouds
1120,Harper,4.38,-7.72,75.97,88,64,11.01,LR,,broken clouds
1121,Ruidoso,33.33,-105.67,87.01,20,1,10.29,US,,clear sky
1122,Polson,47.69,-114.16,82.0,33,0,3.0,US,,clear sky
1123,Chopovychi,50.83,28.95,59.81,87,0,6.6,UA,,clear sky
1124,Tautira,-17.73,-149.15,80.6,65,40,2.24,PF,,scattered clouds
1125,Ardakan,32.31,54.02,95.0,5,0,13.87,IR,,clear sky
1126,Evensk,61.95,159.23,47.28,66,100,10.58,RU,,overcast clouds
1127,Sao Gabriel Da Cachoeira,-0.13,-67.09,87.15,53,34,4.21,BR,,scattered clouds
1128,Bundaberg,-24.85,152.35,55.0,43,0,3.36,AU,,clear sky
1129,Lar,26.2,83.97,80.49,85,78,7.09,IN,,moderate rain
1130,Saint-Joseph,-21.37,55.62,66.2,63,16,5.82,RE,,few clouds
1131,Kota Belud,6.35,116.43,75.2,94,20,3.36,MY,,few clouds
1132,Namibe,-15.2,12.15,63.63,85,5,6.31,AO,,clear sky
1133,Zyryanovsk,49.74,84.27,53.58,50,100,0.78,KZ,,overcast clouds
